2026-02-26 09:52:18 INFO            _                _                      
2026-02-26 09:52:18 INFO           / \   ___ ___ ___| | ___ _ __ __ _ _   _ 
2026-02-26 09:52:18 INFO          / _ \ / __/ __/ _ \ |/ _ \ '__/ _` | | | |
2026-02-26 09:52:18 INFO         / ___ \ (_| (_|  __/ |  __/ | | (_| | |_| |
2026-02-26 09:52:18 INFO        /_/   \_\___\___\___|_|\___|_|  \__, |\__, |
2026-02-26 09:52:18 INFO                                        |___/ |___/ 
2026-02-26 09:52:18 INFO        generating outputs according to the following specified output flags... 
2026-02-26 09:52:18 INFO         Please use the -f flag to update the preference (default to all output files)
2026-02-26 09:52:18 INFO        {'ERT': 1, 'ERT_summary': 1, 'ART': 1, 'ART_summary': 1, 'energy_estimation': 1, 'flattened_arch': 1}
2026-02-26 09:52:18 INFO        Located config file at /root/.config/accelergy/accelergy_config.yaml.
2026-02-26 09:52:18 INFO        config file located:
2026-02-26 09:52:18 INFO        /root/.config/accelergy/accelergy_config.yaml
2026-02-26 09:52:18 INFO        YAML Setting environment variable TIMELOOP_HIDE_INCONSEQUENTIAL_STATS to 1
2026-02-26 09:52:18 INFO        Parsing file /home/timeloop/workspace/example_designs/example_designs/simba_like/outputs/03/parsed-processed-input.yaml for architecture info
2026-02-26 09:52:18 INFO        Parsing file /home/timeloop/workspace/example_designs/example_designs/simba_like/outputs/03/parsed-processed-input.yaml for compound_components info
2026-02-26 09:52:18 INFO        YAML Setting environment variable TIMELOOP_HIDE_INCONSEQUENTIAL_STATS to 1
2026-02-26 09:52:18 INFO        Adding required action "update" to class DRAM
2026-02-26 09:52:18 INFO        Adding required action "write" to class DRAM
2026-02-26 09:52:18 INFO        Adding required action "leak" to class DRAM
2026-02-26 09:52:18 INFO        Adding required action "read" to class DRAM
2026-02-26 09:52:18 INFO        Calculated Architecture class smartbuffer_RF attributes"memory_width" as "max(32, width)" = 64.
2026-02-26 09:52:18 INFO        Calculated Architecture class smartbuffer_RF attributes"memory_depth" as "max(64, depth)" = 8192.
2026-02-26 09:52:18 INFO        Calculated Architecture class smartbuffer_RF attributes"widthscale" as "width / memory_width" = 1.0.
2026-02-26 09:52:18 INFO        Calculated Architecture class smartbuffer_RF attributes"depthscale" as "depth / memory_depth" = 1.0.
2026-02-26 09:52:18 INFO        Calculated Architecture class smartbuffer_RF attributes"real_depth" as "depth" = 8192.
2026-02-26 09:52:18 INFO        Calculated Architecture class smartbuffer_RF attributes"area_scale" as "widthscale * depthscale" = 1.0.
2026-02-26 09:52:18 INFO        Calculated Architecture class smartbuffer_RF attributes"dynamic_energy_scale" as "widthscale * (depthscale ** (1.56 / 2))" = 1.0.
2026-02-26 09:52:18 INFO        Calculated Architecture class smartbuffer_RF attributes"static_energy_scale" as "area_scale" = 1.0.
2026-02-26 09:52:18 INFO        Calculated Architecture class smartbuffer_RF attributes"memory_width" as "max(32, width)" = 64.
2026-02-26 09:52:18 INFO        Calculated Architecture class smartbuffer_RF attributes"memory_depth" as "max(64, depth)" = 4096.
2026-02-26 09:52:18 INFO        Calculated Architecture class smartbuffer_RF attributes"widthscale" as "width / memory_width" = 1.0.
2026-02-26 09:52:18 INFO        Calculated Architecture class smartbuffer_RF attributes"depthscale" as "depth / memory_depth" = 1.0.
2026-02-26 09:52:18 INFO        Calculated Architecture class smartbuffer_RF attributes"real_depth" as "depth" = 4096.
2026-02-26 09:52:18 INFO        Calculated Architecture class smartbuffer_RF attributes"area_scale" as "widthscale * depthscale" = 1.0.
2026-02-26 09:52:18 INFO        Calculated Architecture class smartbuffer_RF attributes"dynamic_energy_scale" as "widthscale * (depthscale ** (1.56 / 2))" = 1.0.
2026-02-26 09:52:18 INFO        Calculated Architecture class smartbuffer_RF attributes"static_energy_scale" as "area_scale" = 1.0.
2026-02-26 09:52:18 INFO        Calculated Architecture class smartbuffer_RF attributes"memory_width" as "max(32, width)" = 32.
2026-02-26 09:52:18 INFO        Calculated Architecture class smartbuffer_RF attributes"memory_depth" as "max(64, depth)" = 128.
2026-02-26 09:52:18 INFO        Calculated Architecture class smartbuffer_RF attributes"widthscale" as "width / memory_width" = 0.75.
2026-02-26 09:52:18 INFO        Calculated Architecture class smartbuffer_RF attributes"depthscale" as "depth / memory_depth" = 1.0.
2026-02-26 09:52:18 INFO        Calculated Architecture class smartbuffer_RF attributes"real_depth" as "depth" = 128.
2026-02-26 09:52:18 INFO        Calculated Architecture class smartbuffer_RF attributes"area_scale" as "widthscale * depthscale" = 0.75.
2026-02-26 09:52:18 INFO        Calculated Architecture class smartbuffer_RF attributes"dynamic_energy_scale" as "widthscale * (depthscale ** (1.56 / 2))" = 0.75.
2026-02-26 09:52:18 INFO        Calculated Architecture class smartbuffer_RF attributes"static_energy_scale" as "area_scale" = 0.75.
2026-02-26 09:52:18 INFO        Calculated Architecture class smartbuffer_RF attributes"memory_width" as "max(32, width)" = 512.
2026-02-26 09:52:18 INFO        Calculated Architecture class smartbuffer_RF attributes"memory_depth" as "max(64, depth)" = 64.
2026-02-26 09:52:18 INFO        Calculated Architecture class smartbuffer_RF attributes"widthscale" as "width / memory_width" = 1.0.
2026-02-26 09:52:18 INFO        Calculated Architecture class smartbuffer_RF attributes"depthscale" as "depth / memory_depth" = 0.015625.
2026-02-26 09:52:18 INFO        Calculated Architecture class smartbuffer_RF attributes"real_depth" as "depth" = 1.
2026-02-26 09:52:18 INFO        Calculated Architecture class smartbuffer_RF attributes"area_scale" as "widthscale * depthscale" = 0.015625.
2026-02-26 09:52:18 INFO        Calculated Architecture class smartbuffer_RF attributes"dynamic_energy_scale" as "widthscale * (depthscale ** (1.56 / 2))" = 0.03901032965317537.
2026-02-26 09:52:18 INFO        Calculated Architecture class smartbuffer_RF attributes"static_energy_scale" as "area_scale" = 0.015625.
2026-02-26 09:52:18 WARNING     Area scale in attributes is deprecated. Use it on the same level as the attributes, not a subkey.
2026-02-26 09:52:18 WARNING     Area scale in attributes is deprecated. Use it on the same level as the attributes, not a subkey.
2026-02-26 09:52:18 WARNING     Area scale in attributes is deprecated. Use it on the same level as the attributes, not a subkey.
2026-02-26 09:52:18 WARNING     Area scale in attributes is deprecated. Use it on the same level as the attributes, not a subkey.
2026-02-26 09:52:18 INFO        Estimator plug-in identified by: /usr/local/share/accelergy/estimation_plug_ins/accelergy-cacti-plug-in/cacti.estimator.yaml
2026-02-26 09:52:18 INFO        Estimator plug-in identified by: /usr/local/share/accelergy/estimation_plug_ins/accelergy-aladdin-plug-in/aladdin.estimator.yaml
2026-02-26 09:52:18 INFO        Estimator plug-in identified by: /usr/local/share/accelergy/estimation_plug_ins/accelergy-library-plugin/library.estimator.yaml
2026-02-26 09:52:18 INFO        Estimator plug-in identified by: /usr/local/share/accelergy/estimation_plug_ins/accelergy-neurosim-plugin/neurosim.estimator.yaml
2026-02-26 09:52:18 INFO        Estimator plug-in identified by: /usr/local/share/accelergy/estimation_plug_ins/dummy_tables/dummy.estimator.yaml
2026-02-26 09:52:18 INFO        Estimator plug-in identified by: /usr/local/share/accelergy/estimation_plug_ins/accelergy-adc-plug-in/adc.estimator.yaml
2026-02-26 09:52:18 INFO        Estimator plug-in identified by: /usr/local/share/accelergy/estimation_plug_ins/accelergy-table-based-plug-ins/table.estimator.yaml
2026-02-26 09:52:18 INFO        Loading Python plug-in: /usr/local/share/accelergy/estimation_plug_ins/accelergy-cacti-plug-in/cacti_wrapper.py. Errors below are likely due to plug-in, not Accelergy.
2026-02-26 09:52:18 INFO        Getting all estimators in module <module 'python_plug_in0' from '/usr/local/share/accelergy/estimation_plug_ins/accelergy-cacti-plug-in/cacti_wrapper.py'>
2026-02-26 09:52:18 INFO        Added estimator CactiCache that estimates cache with actions idle, read, read_access, update, update_access, write, write_access, leak
2026-02-26 09:52:18 INFO        Added estimator CactiDRAM that estimates ['DRAM', 'dram'] with actions idle, read, update, write, leak
2026-02-26 09:52:18 INFO        Added estimator CactiSRAM that estimates ['SRAM', 'sram'] with actions idle, read, update, write, leak
2026-02-26 09:52:18 INFO        Done loading Python plug-ins.
2026-02-26 09:52:18 INFO        Found estimator plug-in: Aladdin_table (<AladdinTable.AladdinTable object at 0x7fcccc1f0cd0>)
2026-02-26 09:52:18 INFO        Found estimator plug-in: Library (<LibraryEstimator.LibraryEstimator object at 0x7fcccc1f0d90>)
2026-02-26 09:52:18 INFO        Found estimator plug-in: Neurosim Plug-In (<NeuroWrapper.NeuroWrapper object at 0x7fcccc1f1390>)
2026-02-26 09:52:18 INFO        Found estimator plug-in: dummy (<DummyTable.DummyTable object at 0x7fcccc1f1c90>)
2026-02-26 09:52:18 INFO        Found estimator plug-in: ADC Plug-In (<ADCEstimator.ADCEstimator object at 0x7fcccc4a6a70>)
2026-02-26 09:52:18 INFO        Found estimator plug-in: DEPRECATED table-based-plug-ins. Use the Library plug-in instead. (<SetsOfTables.SetsOfTables object at 0x7fcccc4a6dd0>)
2026-02-26 09:52:18 INFO        Found estimator plug-in: CactiCache (<accelergy.plug_in_interface.estimator_wrapper.EstimatorWrapper object at 0x7fcccc0e7970>)
2026-02-26 09:52:18 INFO        Found estimator plug-in: CactiDRAM (<accelergy.plug_in_interface.estimator_wrapper.EstimatorWrapper object at 0x7fcccc0e78b0>)
2026-02-26 09:52:18 INFO        Found estimator plug-in: CactiSRAM (<accelergy.plug_in_interface.estimator_wrapper.EstimatorWrapper object at 0x7fcccc0e74c0>)
2026-02-26 09:52:18 INFO        Calculated storage."width" as "width" = 256.
2026-02-26 09:52:18 INFO        Calculated storage."depth" as "depth" = 2048.
2026-02-26 09:52:18 INFO        Calculated storage."n_rw_ports" as "n_rw_ports" = 1.
2026-02-26 09:52:18 INFO        Calculated storage."technology" as "technology" = 45nm.
2026-02-26 09:52:18 INFO        Calculated storage."global_cycle_seconds" as "global_cycle_seconds" = 1e-09.
2026-02-26 09:52:18 INFO        Calculated address_generators[0..1]."n_bits" as "max(1, ceil(log2(depth))) if depth >= 1 else 1" = 11.
2026-02-26 09:52:18 INFO        Calculated address_generators[0..1]."precision" as "max(1, ceil(log2(depth))) if depth >= 1 else 1" = 11.
2026-02-26 09:52:18 INFO        Calculated address_generators[0..1]."width" as "max(1, ceil(log2(depth))) if depth >= 1 else 1" = 11.
2026-02-26 09:52:18 INFO        Calculated address_generators[0..1]."global_cycle_seconds" as "global_cycle_seconds" = 1e-09.
2026-02-26 09:52:18 INFO        Calculated storage."width" as "memory_width" = 64.
2026-02-26 09:52:18 INFO        Calculated storage."depth" as "memory_depth" = 8192.
2026-02-26 09:52:18 INFO        Calculated storage."n_rdwr_ports" as "n_rdwr_ports" = 1.
2026-02-26 09:52:18 INFO        Calculated storage."global_cycle_seconds" as "global_cycle_seconds" = 1e-09.
2026-02-26 09:52:18 INFO        Calculated storage.area_scale as "area_scale" = 1.0.
2026-02-26 09:52:18 INFO        Calculated list index expression as "width*depth" = 524288.
2026-02-26 09:52:18 INFO        Calculated list index expression as "depth" = 8192.
2026-02-26 09:52:18 INFO        Calculated storage.storage[1..524288]."global_cycle_seconds" as "global_cycle_seconds" = 1e-09.
2026-02-26 09:52:18 INFO        Calculated storage.comparator[1..8192]."n_bits" as "max(1, ceil(log2(depth)))" = 13.
2026-02-26 09:52:18 INFO        Calculated storage.comparator[1..8192]."global_cycle_seconds" as "global_cycle_seconds" = 1e-09.
2026-02-26 09:52:18 INFO        Calculated address_generators[0..1]."n_bits" as "max(1, ceil(log2(real_depth))) if real_depth >= 1 else 1" = 13.
2026-02-26 09:52:18 INFO        Calculated address_generators[0..1]."precision" as "max(1, ceil(log2(real_depth))) if real_depth >= 1 else 1" = 13.
2026-02-26 09:52:18 INFO        Calculated address_generators[0..1]."width" as "max(1, ceil(log2(real_depth))) if real_depth >= 1 else 1" = 13.
2026-02-26 09:52:18 INFO        Calculated address_generators[0..1]."global_cycle_seconds" as "global_cycle_seconds" = 1e-09.
2026-02-26 09:52:18 INFO        Calculated action write energy_scale as "dynamic_energy_scale" = 1.0.
2026-02-26 09:52:18 INFO        Calculated list index expression as "width" = 64.
2026-02-26 09:52:18 INFO        Calculated list index expression as "depth" = 8192.
2026-02-26 09:52:18 INFO        Calculated action read energy_scale as "dynamic_energy_scale" = 1.0.
2026-02-26 09:52:18 INFO        Calculated list index expression as "width" = 64.
2026-02-26 09:52:18 INFO        Calculated list index expression as "depth" = 8192.
2026-02-26 09:52:18 INFO        Calculated action leak energy_scale as "static_energy_scale" = 1.0.
2026-02-26 09:52:18 INFO        Calculated list index expression as "width*depth" = 524288.
2026-02-26 09:52:18 INFO        Calculated System_top_level.PEInputBuffer[1..16].leak.leak."global_cycle_seconds" as "global_cycle_seconds" = 1e-09.
2026-02-26 09:52:18 INFO        Calculated list index expression as "depth" = 8192.
2026-02-26 09:52:18 INFO        Calculated System_top_level.PEInputBuffer[1..16].leak.leak."global_cycle_seconds" as "global_cycle_seconds" = 1e-09.
2026-02-26 09:52:18 INFO        Calculated action write energy_scale as "dynamic_energy_scale" = 1.0.
2026-02-26 09:52:18 INFO        Calculated list index expression as "width" = 64.
2026-02-26 09:52:18 INFO        Calculated list index expression as "depth" = 8192.
2026-02-26 09:52:18 INFO        Calculated storage."width" as "memory_width" = 64.
2026-02-26 09:52:18 INFO        Calculated storage."depth" as "memory_depth" = 4096.
2026-02-26 09:52:18 INFO        Calculated storage."n_rdwr_ports" as "n_rdwr_ports" = 1.
2026-02-26 09:52:18 INFO        Calculated storage."global_cycle_seconds" as "global_cycle_seconds" = 1e-09.
2026-02-26 09:52:18 INFO        Calculated storage.area_scale as "area_scale" = 1.0.
2026-02-26 09:52:18 INFO        Calculated list index expression as "width*depth" = 262144.
2026-02-26 09:52:18 INFO        Calculated list index expression as "depth" = 4096.
2026-02-26 09:52:18 INFO        Calculated storage.storage[1..262144]."global_cycle_seconds" as "global_cycle_seconds" = 1e-09.
2026-02-26 09:52:18 INFO        Calculated storage.comparator[1..4096]."n_bits" as "max(1, ceil(log2(depth)))" = 12.
2026-02-26 09:52:18 INFO        Calculated storage.comparator[1..4096]."global_cycle_seconds" as "global_cycle_seconds" = 1e-09.
2026-02-26 09:52:18 INFO        Calculated address_generators[0..1]."n_bits" as "max(1, ceil(log2(real_depth))) if real_depth >= 1 else 1" = 12.
2026-02-26 09:52:18 INFO        Calculated address_generators[0..1]."precision" as "max(1, ceil(log2(real_depth))) if real_depth >= 1 else 1" = 12.
2026-02-26 09:52:18 INFO        Calculated address_generators[0..1]."width" as "max(1, ceil(log2(real_depth))) if real_depth >= 1 else 1" = 12.
2026-02-26 09:52:18 INFO        Calculated address_generators[0..1]."global_cycle_seconds" as "global_cycle_seconds" = 1e-09.
2026-02-26 09:52:18 INFO        Calculated action write energy_scale as "dynamic_energy_scale" = 1.0.
2026-02-26 09:52:18 INFO        Calculated list index expression as "width" = 64.
2026-02-26 09:52:18 INFO        Calculated list index expression as "depth" = 4096.
2026-02-26 09:52:18 INFO        Calculated action read energy_scale as "dynamic_energy_scale" = 1.0.
2026-02-26 09:52:18 INFO        Calculated list index expression as "width" = 64.
2026-02-26 09:52:18 INFO        Calculated list index expression as "depth" = 4096.
2026-02-26 09:52:18 INFO        Calculated action leak energy_scale as "static_energy_scale" = 1.0.
2026-02-26 09:52:18 INFO        Calculated list index expression as "width*depth" = 262144.
2026-02-26 09:52:18 INFO        Calculated System_top_level.PEWeightBuffer[1..128].leak.leak."global_cycle_seconds" as "global_cycle_seconds" = 1e-09.
2026-02-26 09:52:18 INFO        Calculated list index expression as "depth" = 4096.
2026-02-26 09:52:18 INFO        Calculated System_top_level.PEWeightBuffer[1..128].leak.leak."global_cycle_seconds" as "global_cycle_seconds" = 1e-09.
2026-02-26 09:52:18 INFO        Calculated action write energy_scale as "dynamic_energy_scale" = 1.0.
2026-02-26 09:52:18 INFO        Calculated list index expression as "width" = 64.
2026-02-26 09:52:18 INFO        Calculated list index expression as "depth" = 4096.
2026-02-26 09:52:18 INFO        Calculated storage."width" as "memory_width" = 32.
2026-02-26 09:52:18 INFO        Calculated storage."depth" as "memory_depth" = 128.
2026-02-26 09:52:18 INFO        Calculated storage."n_rdwr_ports" as "n_rdwr_ports" = 1.
2026-02-26 09:52:18 INFO        Calculated storage."global_cycle_seconds" as "global_cycle_seconds" = 1e-09.
2026-02-26 09:52:18 INFO        Calculated storage.area_scale as "area_scale" = 0.75.
2026-02-26 09:52:18 INFO        Calculated list index expression as "width*depth" = 4096.
2026-02-26 09:52:18 INFO        Calculated list index expression as "depth" = 128.
2026-02-26 09:52:18 INFO        Calculated storage.storage[1..4096]."global_cycle_seconds" as "global_cycle_seconds" = 1e-09.
2026-02-26 09:52:18 INFO        Calculated storage.comparator[1..128]."n_bits" as "max(1, ceil(log2(depth)))" = 7.
2026-02-26 09:52:18 INFO        Calculated storage.comparator[1..128]."global_cycle_seconds" as "global_cycle_seconds" = 1e-09.
2026-02-26 09:52:18 INFO        Calculated address_generators[0..1]."n_bits" as "max(1, ceil(log2(real_depth))) if real_depth >= 1 else 1" = 7.
2026-02-26 09:52:18 INFO        Calculated address_generators[0..1]."precision" as "max(1, ceil(log2(real_depth))) if real_depth >= 1 else 1" = 7.
2026-02-26 09:52:18 INFO        Calculated address_generators[0..1]."width" as "max(1, ceil(log2(real_depth))) if real_depth >= 1 else 1" = 7.
2026-02-26 09:52:18 INFO        Calculated address_generators[0..1]."global_cycle_seconds" as "global_cycle_seconds" = 1e-09.
2026-02-26 09:52:18 INFO        Calculated action write energy_scale as "dynamic_energy_scale" = 0.75.
2026-02-26 09:52:18 INFO        Calculated list index expression as "width" = 32.
2026-02-26 09:52:18 INFO        Calculated list index expression as "depth" = 128.
2026-02-26 09:52:18 INFO        Calculated action read energy_scale as "dynamic_energy_scale" = 0.75.
2026-02-26 09:52:18 INFO        Calculated list index expression as "width" = 32.
2026-02-26 09:52:18 INFO        Calculated list index expression as "depth" = 128.
2026-02-26 09:52:18 INFO        Calculated action leak energy_scale as "static_energy_scale" = 0.75.
2026-02-26 09:52:18 INFO        Calculated list index expression as "width*depth" = 4096.
2026-02-26 09:52:18 INFO        Calculated System_top_level.PEAccuBuffer[1..128].leak.leak."global_cycle_seconds" as "global_cycle_seconds" = 1e-09.
2026-02-26 09:52:18 INFO        Calculated list index expression as "depth" = 128.
2026-02-26 09:52:18 INFO        Calculated System_top_level.PEAccuBuffer[1..128].leak.leak."global_cycle_seconds" as "global_cycle_seconds" = 1e-09.
2026-02-26 09:52:18 INFO        Calculated action write energy_scale as "dynamic_energy_scale" = 0.75.
2026-02-26 09:52:18 INFO        Calculated list index expression as "width" = 32.
2026-02-26 09:52:18 INFO        Calculated list index expression as "depth" = 128.
2026-02-26 09:52:18 INFO        Calculated storage."width" as "memory_width" = 512.
2026-02-26 09:52:18 INFO        Calculated storage."depth" as "memory_depth" = 64.
2026-02-26 09:52:18 INFO        Calculated storage."n_rdwr_ports" as "n_rdwr_ports" = 1.
2026-02-26 09:52:18 INFO        Calculated storage."global_cycle_seconds" as "global_cycle_seconds" = 1e-09.
2026-02-26 09:52:18 INFO        Calculated storage.area_scale as "area_scale" = 0.015625.
2026-02-26 09:52:18 INFO        Calculated list index expression as "width*depth" = 32768.
2026-02-26 09:52:18 INFO        Calculated list index expression as "depth" = 64.
2026-02-26 09:52:18 INFO        Calculated storage.storage[1..32768]."global_cycle_seconds" as "global_cycle_seconds" = 1e-09.
2026-02-26 09:52:18 INFO        Calculated storage.comparator[1..64]."n_bits" as "max(1, ceil(log2(depth)))" = 6.
2026-02-26 09:52:18 INFO        Calculated storage.comparator[1..64]."global_cycle_seconds" as "global_cycle_seconds" = 1e-09.
2026-02-26 09:52:18 INFO        Calculated address_generators[0..1]."n_bits" as "max(1, ceil(log2(real_depth))) if real_depth >= 1 else 1" = 1.
2026-02-26 09:52:18 INFO        Calculated address_generators[0..1]."precision" as "max(1, ceil(log2(real_depth))) if real_depth >= 1 else 1" = 1.
2026-02-26 09:52:18 INFO        Calculated address_generators[0..1]."width" as "max(1, ceil(log2(real_depth))) if real_depth >= 1 else 1" = 1.
2026-02-26 09:52:18 INFO        Calculated address_generators[0..1]."global_cycle_seconds" as "global_cycle_seconds" = 1e-09.
2026-02-26 09:52:18 INFO        Calculated action write energy_scale as "dynamic_energy_scale" = 0.03901032965317537.
2026-02-26 09:52:18 INFO        Calculated list index expression as "width" = 512.
2026-02-26 09:52:18 INFO        Calculated list index expression as "depth" = 64.
2026-02-26 09:52:18 INFO        Calculated action read energy_scale as "dynamic_energy_scale" = 0.03901032965317537.
2026-02-26 09:52:18 INFO        Calculated list index expression as "width" = 512.
2026-02-26 09:52:18 INFO        Calculated list index expression as "depth" = 64.
2026-02-26 09:52:18 INFO        Calculated action leak energy_scale as "static_energy_scale" = 0.015625.
2026-02-26 09:52:18 INFO        Calculated list index expression as "width*depth" = 32768.
2026-02-26 09:52:18 INFO        Calculated System_top_level.PEWeightRegs[1..1024].leak.leak."global_cycle_seconds" as "global_cycle_seconds" = 1e-09.
2026-02-26 09:52:18 INFO        Calculated list index expression as "depth" = 64.
2026-02-26 09:52:18 INFO        Calculated System_top_level.PEWeightRegs[1..1024].leak.leak."global_cycle_seconds" as "global_cycle_seconds" = 1e-09.
2026-02-26 09:52:18 INFO        Calculated action write energy_scale as "dynamic_energy_scale" = 0.03901032965317537.
2026-02-26 09:52:18 INFO        Calculated list index expression as "width" = 512.
2026-02-26 09:52:18 INFO        Calculated list index expression as "depth" = 64.
2026-02-26 09:52:18 INFO        Calculated intadder."width" as "adder_width" = 16.
2026-02-26 09:52:18 INFO        Calculated intmultiplier."width_a" as "multiplier_width" = 8.
2026-02-26 09:52:18 INFO        Calculated intmultiplier."width_b" as "multiplier_width" = 8.
2026-02-26 09:52:18 INFO        
2026-02-26 09:52:18 INFO        ENERGY ESTIMATION for DRAM(type=LPDDR4, width=64, datawidth=8, has_power_gating=False, n_banks=2, cluster_size=1, reduction_supported=True, multiple_buffering=1, min_utilization=0, allow_overbooking=False, meshX=1, meshY=1, technology=45nm, version=0.4, global_cycle_seconds=1e-09, action_latency_cycles=1, cycle_seconds=1e-09, n_instances=1).update(global_cycle_seconds=1e-09, action_latency_cycles=1)
2026-02-26 09:52:18 INFO        CactiDRAM estimated 5.12e-10 with accuracy 80%. Messages:
2026-02-26 09:52:18 INFO        | Unused arguments (datawidth, has_power_gating, n_banks, cluster_size, reduction_supported, multiple_buffering, min_utilization, allow_overbooking, meshX, meshY, technology, version, global_cycle_seconds, action_latency_cycles, cycle_seconds, n_instances) provided for ['DRAM', 'dram'].__init__. Arguments used: (type, width)
2026-02-26 09:52:18 INFO        | Unused arguments (global_cycle_seconds, action_latency_cycles) provided for ['DRAM', 'dram'].update. Arguments used: ()
2026-02-26 09:52:18 INFO        
2026-02-26 09:52:18 INFO        ENERGY ESTIMATION for DRAM(type=LPDDR4, width=64, datawidth=8, has_power_gating=False, n_banks=2, cluster_size=1, reduction_supported=True, multiple_buffering=1, min_utilization=0, allow_overbooking=False, meshX=1, meshY=1, technology=45nm, version=0.4, global_cycle_seconds=1e-09, action_latency_cycles=1, cycle_seconds=1e-09, n_instances=1).write(global_cycle_seconds=1e-09, action_latency_cycles=1)
2026-02-26 09:52:18 INFO        CactiDRAM estimated 5.12e-10 with accuracy 80%. Messages:
2026-02-26 09:52:18 INFO        | Unused arguments (datawidth, has_power_gating, n_banks, cluster_size, reduction_supported, multiple_buffering, min_utilization, allow_overbooking, meshX, meshY, technology, version, global_cycle_seconds, action_latency_cycles, cycle_seconds, n_instances) provided for ['DRAM', 'dram'].__init__. Arguments used: (type, width)
2026-02-26 09:52:18 INFO        | Unused arguments (global_cycle_seconds, action_latency_cycles) provided for ['DRAM', 'dram'].write. Arguments used: ()
2026-02-26 09:52:18 INFO        
2026-02-26 09:52:18 INFO        ENERGY ESTIMATION for DRAM(type=LPDDR4, width=64, datawidth=8, has_power_gating=False, n_banks=2, cluster_size=1, reduction_supported=True, multiple_buffering=1, min_utilization=0, allow_overbooking=False, meshX=1, meshY=1, technology=45nm, version=0.4, global_cycle_seconds=1e-09, action_latency_cycles=1, cycle_seconds=1e-09, n_instances=1).leak(global_cycle_seconds=1e-09, action_latency_cycles=1)
2026-02-26 09:52:18 INFO        CactiDRAM estimated 0 with accuracy 80%. Messages:
2026-02-26 09:52:18 INFO        | Unused arguments (datawidth, has_power_gating, n_banks, cluster_size, reduction_supported, multiple_buffering, min_utilization, allow_overbooking, meshX, meshY, technology, version, global_cycle_seconds, action_latency_cycles, cycle_seconds, n_instances) provided for ['DRAM', 'dram'].__init__. Arguments used: (type, width)
2026-02-26 09:52:18 INFO        | Unused arguments (action_latency_cycles) provided for ['DRAM', 'dram'].leak. Arguments used: (global_cycle_seconds)
2026-02-26 09:52:18 INFO        | Multiplying by n_instances 1
2026-02-26 09:52:18 INFO        
2026-02-26 09:52:18 INFO        ENERGY ESTIMATION for DRAM(type=LPDDR4, width=64, datawidth=8, has_power_gating=False, n_banks=2, cluster_size=1, reduction_supported=True, multiple_buffering=1, min_utilization=0, allow_overbooking=False, meshX=1, meshY=1, technology=45nm, version=0.4, global_cycle_seconds=1e-09, action_latency_cycles=1, cycle_seconds=1e-09, n_instances=1).read(global_cycle_seconds=1e-09, action_latency_cycles=1)
2026-02-26 09:52:18 INFO        CactiDRAM estimated 5.12e-10 with accuracy 80%. Messages:
2026-02-26 09:52:18 INFO        | Unused arguments (datawidth, has_power_gating, n_banks, cluster_size, reduction_supported, multiple_buffering, min_utilization, allow_overbooking, meshX, meshY, technology, version, global_cycle_seconds, action_latency_cycles, cycle_seconds, n_instances) provided for ['DRAM', 'dram'].__init__. Arguments used: (type, width)
2026-02-26 09:52:18 INFO        | Unused arguments (global_cycle_seconds, action_latency_cycles) provided for ['DRAM', 'dram'].read. Arguments used: ()
2026-02-26 09:52:18 INFO        
2026-02-26 09:52:18 INFO        ENERGY ESTIMATION for SRAM(width=256, depth=2048, n_rw_ports=1, technology=45nm, global_cycle_seconds=1e-09, action_latency_cycles=1, cycle_seconds=1e-09, n_instances=1).write(global_cycle_seconds=1e-09, action_latency_cycles=1, cycle_seconds=1e-09, technology=45nm, n_instances=1)
2026-02-26 09:52:18 INFO        CactiSRAM estimated 6.623870000000001e-11 with accuracy 80%. Messages:
2026-02-26 09:52:18 INFO        | Unused arguments (global_cycle_seconds, action_latency_cycles, cycle_seconds, n_instances) provided for ['SRAM', 'sram'].__init__. Arguments used: (width, depth, n_rw_ports, technology)
2026-02-26 09:52:18 INFO        | Unused arguments (global_cycle_seconds, action_latency_cycles, cycle_seconds, technology, n_instances) provided for ['SRAM', 'sram'].write. Arguments used: ()
2026-02-26 09:52:18 INFO        | Calling CACTI with cache_size=65536 n_rw_ports=1 block_size=32 tech_node_um=0.045 n_banks=1 tag_size=0 associativity=1
2026-02-26 09:52:18 INFO        | Calling CACTI with input path /usr/local/share/accelergy/estimation_plug_ins/accelergy-cacti-plug-in/cacti_inputs_outputs/tmpeoxg8dkm
2026-02-26 09:52:18 INFO        | CACTI output will be written to /usr/local/share/accelergy/estimation_plug_ins/accelergy-cacti-plug-in/cacti_inputs_outputs/tmppraamo62
2026-02-26 09:52:18 INFO        | CACTI executable not found at /usr/local/share/accelergy/estimation_plug_ins/accelergy-cacti-plug-in/cacti/cacti
2026-02-26 09:52:18 INFO        | Calling: cd /usr/local/share/accelergy/estimation_plug_ins/accelergy-cacti-plug-in ; ./cacti -infile /usr/local/share/accelergy/estimation_plug_ins/accelergy-cacti-plug-in/cacti_inputs_outputs/tmpeoxg8dkm >> /usr/local/share/accelergy/estimation_plug_ins/accelergy-cacti-plug-in/cacti_inputs_outputs/tmppraamo62 2>&1
2026-02-26 09:52:18 INFO        | Cache bandwidth: 32.0 bytes/cycle
2026-02-26 09:52:18 INFO        | Cache bandwidth: 135224361513.87897 bits/second
2026-02-26 09:52:18 INFO        
2026-02-26 09:52:18 INFO        ENERGY ESTIMATION for intadder(n_bits=11, precision=11, width=11, global_cycle_seconds=1e-09, action_latency_cycles=1, cycle_seconds=1e-09, technology=45nm, n_instances=1).add(global_cycle_seconds=1e-09, action_latency_cycles=1, cycle_seconds=1e-09, technology=45nm, n_instances=1)
2026-02-26 09:52:18 INFO        Aladdin_table estimated 0.0721875p with accuracy 70%. 
2026-02-26 09:52:18 INFO        
2026-02-26 09:52:18 INFO        ENERGY ESTIMATION for SRAM(width=256, depth=2048, n_rw_ports=1, technology=45nm, global_cycle_seconds=1e-09, action_latency_cycles=1, cycle_seconds=1e-09, n_instances=1).read(global_cycle_seconds=1e-09, action_latency_cycles=1, cycle_seconds=1e-09, technology=45nm, n_instances=1)
2026-02-26 09:52:19 INFO        CactiSRAM estimated 5.1798700000000004e-11 with accuracy 80%. Messages:
2026-02-26 09:52:19 INFO        | Unused arguments (global_cycle_seconds, action_latency_cycles, cycle_seconds, n_instances) provided for ['SRAM', 'sram'].__init__. Arguments used: (width, depth, n_rw_ports, technology)
2026-02-26 09:52:19 INFO        | Unused arguments (global_cycle_seconds, action_latency_cycles, cycle_seconds, technology, n_instances) provided for ['SRAM', 'sram'].read. Arguments used: ()
2026-02-26 09:52:19 INFO        | Calling CACTI with cache_size=65536 n_rw_ports=1 block_size=32 tech_node_um=0.045 n_banks=1 tag_size=0 associativity=1
2026-02-26 09:52:19 INFO        | Calling CACTI with input path /usr/local/share/accelergy/estimation_plug_ins/accelergy-cacti-plug-in/cacti_inputs_outputs/tmpvbxeeli6
2026-02-26 09:52:19 INFO        | CACTI output will be written to /usr/local/share/accelergy/estimation_plug_ins/accelergy-cacti-plug-in/cacti_inputs_outputs/tmpmthmh_v_
2026-02-26 09:52:19 INFO        | CACTI executable not found at /usr/local/share/accelergy/estimation_plug_ins/accelergy-cacti-plug-in/cacti/cacti
2026-02-26 09:52:19 INFO        | Calling: cd /usr/local/share/accelergy/estimation_plug_ins/accelergy-cacti-plug-in ; ./cacti -infile /usr/local/share/accelergy/estimation_plug_ins/accelergy-cacti-plug-in/cacti_inputs_outputs/tmpvbxeeli6 >> /usr/local/share/accelergy/estimation_plug_ins/accelergy-cacti-plug-in/cacti_inputs_outputs/tmpmthmh_v_ 2>&1
2026-02-26 09:52:19 INFO        | Cache bandwidth: 32.0 bytes/cycle
2026-02-26 09:52:19 INFO        | Cache bandwidth: 135224361513.87897 bits/second
2026-02-26 09:52:19 INFO        
2026-02-26 09:52:19 INFO        ENERGY ESTIMATION for intadder(n_bits=11, precision=11, width=11, global_cycle_seconds=1e-09, action_latency_cycles=1, cycle_seconds=1e-09, technology=45nm, n_instances=1).add(global_cycle_seconds=1e-09, action_latency_cycles=1, cycle_seconds=1e-09, technology=45nm, n_instances=1)
2026-02-26 09:52:19 INFO        Aladdin_table estimated 0.0721875p with accuracy 70%. 
2026-02-26 09:52:19 INFO        
2026-02-26 09:52:19 INFO        ENERGY ESTIMATION for SRAM(width=256, depth=2048, n_rw_ports=1, technology=45nm, global_cycle_seconds=1e-09, action_latency_cycles=1, cycle_seconds=1e-09, n_instances=1).leak(global_cycle_seconds=1e-09, action_latency_cycles=1, cycle_seconds=1e-09, technology=45nm, n_instances=1)
2026-02-26 09:52:19 INFO        CactiSRAM estimated 1.6598900000000002e-15 with accuracy 80%. Messages:
2026-02-26 09:52:19 INFO        | Unused arguments (global_cycle_seconds, action_latency_cycles, cycle_seconds, n_instances) provided for ['SRAM', 'sram'].__init__. Arguments used: (width, depth, n_rw_ports, technology)
2026-02-26 09:52:19 INFO        | Unused arguments (action_latency_cycles, cycle_seconds, technology, n_instances) provided for ['SRAM', 'sram'].leak. Arguments used: (global_cycle_seconds)
2026-02-26 09:52:19 INFO        | Calling CACTI with cache_size=65536 n_rw_ports=1 block_size=32 tech_node_um=0.045 n_banks=1 tag_size=0 associativity=1
2026-02-26 09:52:19 INFO        | Calling CACTI with input path /usr/local/share/accelergy/estimation_plug_ins/accelergy-cacti-plug-in/cacti_inputs_outputs/tmpp2zysy6p
2026-02-26 09:52:19 INFO        | CACTI output will be written to /usr/local/share/accelergy/estimation_plug_ins/accelergy-cacti-plug-in/cacti_inputs_outputs/tmpf6i3w40x
2026-02-26 09:52:19 INFO        | CACTI executable not found at /usr/local/share/accelergy/estimation_plug_ins/accelergy-cacti-plug-in/cacti/cacti
2026-02-26 09:52:19 INFO        | Calling: cd /usr/local/share/accelergy/estimation_plug_ins/accelergy-cacti-plug-in ; ./cacti -infile /usr/local/share/accelergy/estimation_plug_ins/accelergy-cacti-plug-in/cacti_inputs_outputs/tmpp2zysy6p >> /usr/local/share/accelergy/estimation_plug_ins/accelergy-cacti-plug-in/cacti_inputs_outputs/tmpf6i3w40x 2>&1
2026-02-26 09:52:19 INFO        | Cache bandwidth: 32.0 bytes/cycle
2026-02-26 09:52:19 INFO        | Cache bandwidth: 135224361513.87897 bits/second
2026-02-26 09:52:19 INFO        | Global cycle time 1e-09 is less than the cache's random cycle time 1.8931500000000002e-09
2026-02-26 09:52:19 INFO        | Multiplying by n_instances 1
2026-02-26 09:52:19 INFO        
2026-02-26 09:52:19 INFO        ENERGY ESTIMATION for intadder(n_bits=11, precision=11, width=11, global_cycle_seconds=1e-09, action_latency_cycles=1, cycle_seconds=1e-09, technology=45nm, n_instances=1).leak(global_cycle_seconds=1e-09, action_latency_cycles=1, cycle_seconds=1e-09, technology=45nm, n_instances=1)
2026-02-26 09:52:19 INFO        Aladdin_table estimated 0.000790625p with accuracy 70%. Messages:
2026-02-26 09:52:19 INFO        | Multiplying by n_instances 1
2026-02-26 09:52:19 INFO        
2026-02-26 09:52:19 INFO        ENERGY ESTIMATION for SRAM(width=256, depth=2048, n_rw_ports=1, technology=45nm, global_cycle_seconds=1e-09, action_latency_cycles=1, cycle_seconds=1e-09, n_instances=1).write(global_cycle_seconds=1e-09, action_latency_cycles=1, cycle_seconds=1e-09, technology=45nm, n_instances=1)
2026-02-26 09:52:20 INFO        CactiSRAM estimated 6.623870000000001e-11 with accuracy 80%. Messages:
2026-02-26 09:52:20 INFO        | Unused arguments (global_cycle_seconds, action_latency_cycles, cycle_seconds, n_instances) provided for ['SRAM', 'sram'].__init__. Arguments used: (width, depth, n_rw_ports, technology)
2026-02-26 09:52:20 INFO        | Unused arguments (global_cycle_seconds, action_latency_cycles, cycle_seconds, technology, n_instances) provided for ['SRAM', 'sram'].write. Arguments used: ()
2026-02-26 09:52:20 INFO        | Calling CACTI with cache_size=65536 n_rw_ports=1 block_size=32 tech_node_um=0.045 n_banks=1 tag_size=0 associativity=1
2026-02-26 09:52:20 INFO        | Calling CACTI with input path /usr/local/share/accelergy/estimation_plug_ins/accelergy-cacti-plug-in/cacti_inputs_outputs/tmpvpjibl9f
2026-02-26 09:52:20 INFO        | CACTI output will be written to /usr/local/share/accelergy/estimation_plug_ins/accelergy-cacti-plug-in/cacti_inputs_outputs/tmptwnl_uek
2026-02-26 09:52:20 INFO        | CACTI executable not found at /usr/local/share/accelergy/estimation_plug_ins/accelergy-cacti-plug-in/cacti/cacti
2026-02-26 09:52:20 INFO        | Calling: cd /usr/local/share/accelergy/estimation_plug_ins/accelergy-cacti-plug-in ; ./cacti -infile /usr/local/share/accelergy/estimation_plug_ins/accelergy-cacti-plug-in/cacti_inputs_outputs/tmpvpjibl9f >> /usr/local/share/accelergy/estimation_plug_ins/accelergy-cacti-plug-in/cacti_inputs_outputs/tmptwnl_uek 2>&1
2026-02-26 09:52:20 INFO        | Cache bandwidth: 32.0 bytes/cycle
2026-02-26 09:52:20 INFO        | Cache bandwidth: 135224361513.87897 bits/second
2026-02-26 09:52:20 INFO        
2026-02-26 09:52:20 INFO        ENERGY ESTIMATION for intadder(n_bits=11, precision=11, width=11, global_cycle_seconds=1e-09, action_latency_cycles=1, cycle_seconds=1e-09, technology=45nm, n_instances=1).add(global_cycle_seconds=1e-09, action_latency_cycles=1, cycle_seconds=1e-09, technology=45nm, n_instances=1)
2026-02-26 09:52:20 INFO        Aladdin_table estimated 0.0721875p with accuracy 70%. 
2026-02-26 09:52:20 INFO        
2026-02-26 09:52:20 INFO        ENERGY ESTIMATION for aladdin_register(global_cycle_seconds=1e-09, action_latency_cycles=1, cycle_seconds=1e-09, technology=45nm, n_instances=1).write(global_cycle_seconds=1e-09, action_latency_cycles=1, cycle_seconds=1e-09, technology=45nm, n_instances=1)
2026-02-26 09:52:20 INFO        Library estimated 0.0p with accuracy 90%. Messages:
2026-02-26 09:52:20 INFO        | Found 1 entries for aladdin_register.write.
2026-02-26 09:52:20 INFO        | Checking entry "{'technology': '40nm', 'global_cycle_seconds': '1e-9', 'width|datawidth': '1', 'dynamic energy(pJ)': '0', 'area(um^2)': '5.98E+00', 'action': 'write', 'name': 'aladdin_register', 'n_instances': 1}
2026-02-26 09:52:20 INFO        | value=0.0, matching_attrs=2, log=['Scaling global_cycle_seconds from 1e-9 to 1e-09', 'Scaling technology from 40nm to 45nm', 'Scaled aladdin_register.global_cycle_seconds from 1e-09 to 1e-09: 1x energy', 'Scaled aladdin_register.technology from 40.0 to 45.0: 1.265241016612673x energy', 'aladdin_register energy has been scaled 1.265241016612673x']
2026-02-26 09:52:20 INFO        | Best-matching entry: {'technology': '40nm', 'global_cycle_seconds': '1e-9', 'width|datawidth': '1', 'dynamic energy(pJ)': '0', 'area(um^2)': '5.98E+00', 'action': 'write', 'name': 'aladdin_register', 'n_instances': 1}
2026-02-26 09:52:20 INFO        | Scaling global_cycle_seconds from 1e-9 to 1e-09
2026-02-26 09:52:20 INFO        | Scaling technology from 40nm to 45nm
2026-02-26 09:52:20 INFO        | Scaled aladdin_register.global_cycle_seconds from 1e-09 to 1e-09: 1x energy
2026-02-26 09:52:20 INFO        | Scaled aladdin_register.technology from 40.0 to 45.0: 1.265241016612673x energy
2026-02-26 09:52:20 INFO        | aladdin_register energy has been scaled 1.265241016612673x
2026-02-26 09:52:20 INFO        
2026-02-26 09:52:20 INFO        ENERGY ESTIMATION for aladdin_comparator(n_bits=13, global_cycle_seconds=1e-09, action_latency_cycles=1, cycle_seconds=1e-09, technology=45nm, n_instances=1).compare(global_cycle_seconds=1e-09, action_latency_cycles=1, cycle_seconds=1e-09, technology=45nm, n_instances=1)
2026-02-26 09:52:20 INFO        Library estimated 0.037286652759575475p with accuracy 90%. Messages:
2026-02-26 09:52:20 INFO        | Found 1 entries for aladdin_comparator.compare.
2026-02-26 09:52:20 INFO        | Checking entry "{'technology': '40nm', 'global_cycle_seconds': '1e-9', 'width|datawidth': '32', 'energy(pJ)': '0.02947', 'area(um^2)': '71', 'action': 'compare', 'name': 'aladdin_comparator', 'n_instances': 1}
2026-02-26 09:52:20 INFO        | value=0.02947, matching_attrs=2, log=['Scaling global_cycle_seconds from 1e-9 to 1e-09', 'Scaling technology from 40nm to 45nm', 'Scaled aladdin_comparator.global_cycle_seconds from 1e-09 to 1e-09: 1x energy', 'Scaled aladdin_comparator.technology from 40.0 to 45.0: 1.265241016612673x energy', 'aladdin_comparator energy has been scaled 1.265241016612673x']
2026-02-26 09:52:20 INFO        | Best-matching entry: {'technology': '40nm', 'global_cycle_seconds': '1e-9', 'width|datawidth': '32', 'energy(pJ)': '0.02947', 'area(um^2)': '71', 'action': 'compare', 'name': 'aladdin_comparator', 'n_instances': 1}
2026-02-26 09:52:20 INFO        | Scaling global_cycle_seconds from 1e-9 to 1e-09
2026-02-26 09:52:20 INFO        | Scaling technology from 40nm to 45nm
2026-02-26 09:52:20 INFO        | Scaled aladdin_comparator.global_cycle_seconds from 1e-09 to 1e-09: 1x energy
2026-02-26 09:52:20 INFO        | Scaled aladdin_comparator.technology from 40.0 to 45.0: 1.265241016612673x energy
2026-02-26 09:52:20 INFO        | aladdin_comparator energy has been scaled 1.265241016612673x
2026-02-26 09:52:20 INFO        
2026-02-26 09:52:20 INFO        ENERGY ESTIMATION for intadder(n_bits=13, precision=13, width=13, global_cycle_seconds=1e-09, action_latency_cycles=1, cycle_seconds=1e-09, technology=45nm, n_instances=1).add(global_cycle_seconds=1e-09, action_latency_cycles=1, cycle_seconds=1e-09, technology=45nm, n_instances=1)
2026-02-26 09:52:20 INFO        Aladdin_table estimated 0.0853125p with accuracy 70%. 
2026-02-26 09:52:20 INFO        
2026-02-26 09:52:20 INFO        ENERGY ESTIMATION for aladdin_register(global_cycle_seconds=1e-09, action_latency_cycles=1, cycle_seconds=1e-09, technology=45nm, n_instances=1).read(global_cycle_seconds=1e-09, action_latency_cycles=1, cycle_seconds=1e-09, technology=45nm, n_instances=1)
2026-02-26 09:52:20 INFO        Library estimated 0.011387169149514056p with accuracy 90%. Messages:
2026-02-26 09:52:20 INFO        | Found 1 entries for aladdin_register.read.
2026-02-26 09:52:20 INFO        | Checking entry "{'technology': '40nm', 'global_cycle_seconds': '1e-9', 'width|datawidth': '1', 'dynamic energy(pJ)': '0.009', 'area(um^2)': '5.98E+00', 'action': 'read', 'name': 'aladdin_register', 'n_instances': 1}
2026-02-26 09:52:20 INFO        | value=0.009, matching_attrs=2, log=['Scaling global_cycle_seconds from 1e-9 to 1e-09', 'Scaling technology from 40nm to 45nm', 'Scaled aladdin_register.global_cycle_seconds from 1e-09 to 1e-09: 1x energy', 'Scaled aladdin_register.technology from 40.0 to 45.0: 1.265241016612673x energy', 'aladdin_register energy has been scaled 1.265241016612673x']
2026-02-26 09:52:20 INFO        | Best-matching entry: {'technology': '40nm', 'global_cycle_seconds': '1e-9', 'width|datawidth': '1', 'dynamic energy(pJ)': '0.009', 'area(um^2)': '5.98E+00', 'action': 'read', 'name': 'aladdin_register', 'n_instances': 1}
2026-02-26 09:52:20 INFO        | Scaling global_cycle_seconds from 1e-9 to 1e-09
2026-02-26 09:52:20 INFO        | Scaling technology from 40nm to 45nm
2026-02-26 09:52:20 INFO        | Scaled aladdin_register.global_cycle_seconds from 1e-09 to 1e-09: 1x energy
2026-02-26 09:52:20 INFO        | Scaled aladdin_register.technology from 40.0 to 45.0: 1.265241016612673x energy
2026-02-26 09:52:20 INFO        | aladdin_register energy has been scaled 1.265241016612673x
2026-02-26 09:52:20 INFO        
2026-02-26 09:52:20 INFO        ENERGY ESTIMATION for aladdin_comparator(n_bits=13, global_cycle_seconds=1e-09, action_latency_cycles=1, cycle_seconds=1e-09, technology=45nm, n_instances=1).compare(global_cycle_seconds=1e-09, action_latency_cycles=1, cycle_seconds=1e-09, technology=45nm, n_instances=1)
2026-02-26 09:52:20 INFO        Library estimated 0.037286652759575475p with accuracy 90%. Messages:
2026-02-26 09:52:20 INFO        | Found 1 entries for aladdin_comparator.compare.
2026-02-26 09:52:20 INFO        | Checking entry "{'technology': '40nm', 'global_cycle_seconds': '1e-9', 'width|datawidth': '32', 'energy(pJ)': '0.02947', 'area(um^2)': '71', 'action': 'compare', 'name': 'aladdin_comparator', 'n_instances': 1}
2026-02-26 09:52:20 INFO        | value=0.02947, matching_attrs=2, log=['Scaling global_cycle_seconds from 1e-9 to 1e-09', 'Scaling technology from 40nm to 45nm', 'Scaled aladdin_comparator.global_cycle_seconds from 1e-09 to 1e-09: 1x energy', 'Scaled aladdin_comparator.technology from 40.0 to 45.0: 1.265241016612673x energy', 'aladdin_comparator energy has been scaled 1.265241016612673x']
2026-02-26 09:52:20 INFO        | Best-matching entry: {'technology': '40nm', 'global_cycle_seconds': '1e-9', 'width|datawidth': '32', 'energy(pJ)': '0.02947', 'area(um^2)': '71', 'action': 'compare', 'name': 'aladdin_comparator', 'n_instances': 1}
2026-02-26 09:52:20 INFO        | Scaling global_cycle_seconds from 1e-9 to 1e-09
2026-02-26 09:52:20 INFO        | Scaling technology from 40nm to 45nm
2026-02-26 09:52:20 INFO        | Scaled aladdin_comparator.global_cycle_seconds from 1e-09 to 1e-09: 1x energy
2026-02-26 09:52:20 INFO        | Scaled aladdin_comparator.technology from 40.0 to 45.0: 1.265241016612673x energy
2026-02-26 09:52:20 INFO        | aladdin_comparator energy has been scaled 1.265241016612673x
2026-02-26 09:52:20 INFO        
2026-02-26 09:52:20 INFO        ENERGY ESTIMATION for intadder(n_bits=13, precision=13, width=13, global_cycle_seconds=1e-09, action_latency_cycles=1, cycle_seconds=1e-09, technology=45nm, n_instances=1).add(global_cycle_seconds=1e-09, action_latency_cycles=1, cycle_seconds=1e-09, technology=45nm, n_instances=1)
2026-02-26 09:52:20 INFO        Aladdin_table estimated 0.0853125p with accuracy 70%. 
2026-02-26 09:52:20 INFO        
2026-02-26 09:52:20 INFO        ENERGY ESTIMATION for aladdin_register(global_cycle_seconds=1e-09, action_latency_cycles=1, cycle_seconds=1e-09, technology=45nm, n_instances=1).leak(global_cycle_seconds=1e-09, action_latency_cycles=1, cycle_seconds=1e-09, technology=45nm, n_instances=1)
2026-02-26 09:52:20 INFO        Library estimated 0.0p with accuracy 90%. Messages:
2026-02-26 09:52:20 INFO        | Found 1 entries for aladdin_register.leak.
2026-02-26 09:52:20 INFO        | Checking entry "{'technology': '40nm', 'global_cycle_seconds': '1e-9', 'width|datawidth': '1', 'dynamic energy(pJ)': '0', 'area(um^2)': '5.98E+00', 'action': 'leak', 'name': 'aladdin_register', 'n_instances': 1}
2026-02-26 09:52:20 INFO        | value=0.0, matching_attrs=2, log=['Scaling global_cycle_seconds from 1e-9 to 1e-09', 'Scaling technology from 40nm to 45nm', 'Scaled aladdin_register.global_cycle_seconds from 1e-09 to 1e-09: 1.0x leak', 'Scaled aladdin_register.technology from 40.0 to 45.0: 1.265241016612673x leak', 'aladdin_register leak has been scaled 1.265241016612673x']
2026-02-26 09:52:20 INFO        | Best-matching entry: {'technology': '40nm', 'global_cycle_seconds': '1e-9', 'width|datawidth': '1', 'dynamic energy(pJ)': '0', 'area(um^2)': '5.98E+00', 'action': 'leak', 'name': 'aladdin_register', 'n_instances': 1}
2026-02-26 09:52:20 INFO        | Scaling global_cycle_seconds from 1e-9 to 1e-09
2026-02-26 09:52:20 INFO        | Scaling technology from 40nm to 45nm
2026-02-26 09:52:20 INFO        | Scaled aladdin_register.global_cycle_seconds from 1e-09 to 1e-09: 1.0x leak
2026-02-26 09:52:20 INFO        | Scaled aladdin_register.technology from 40.0 to 45.0: 1.265241016612673x leak
2026-02-26 09:52:20 INFO        | aladdin_register leak has been scaled 1.265241016612673x
2026-02-26 09:52:20 INFO        | Multiplying by n_instances 1
2026-02-26 09:52:20 INFO        
2026-02-26 09:52:20 INFO        ENERGY ESTIMATION for aladdin_comparator(n_bits=13, global_cycle_seconds=1e-09, action_latency_cycles=1, cycle_seconds=1e-09, technology=45nm, n_instances=1).leak(global_cycle_seconds=1e-09, action_latency_cycles=1, cycle_seconds=1e-09, technology=45nm, n_instances=1)
2026-02-26 09:52:20 INFO        Library estimated 3.175754951697809e-05p with accuracy 90%. Messages:
2026-02-26 09:52:20 INFO        | Found 1 entries for aladdin_comparator.leak.
2026-02-26 09:52:20 INFO        | Checking entry "{'technology': '40nm', 'global_cycle_seconds': '1e-9', 'width|datawidth': '32', 'energy(pJ)': '2.51E-05', 'area(um^2)': '71', 'action': 'leak', 'name': 'aladdin_comparator', 'n_instances': 1}
2026-02-26 09:52:20 INFO        | value=2.51e-05, matching_attrs=2, log=['Scaling global_cycle_seconds from 1e-9 to 1e-09', 'Scaling technology from 40nm to 45nm', 'Scaled aladdin_comparator.global_cycle_seconds from 1e-09 to 1e-09: 1.0x leak', 'Scaled aladdin_comparator.technology from 40.0 to 45.0: 1.265241016612673x leak', 'aladdin_comparator leak has been scaled 1.265241016612673x']
2026-02-26 09:52:20 INFO        | Best-matching entry: {'technology': '40nm', 'global_cycle_seconds': '1e-9', 'width|datawidth': '32', 'energy(pJ)': '2.51E-05', 'area(um^2)': '71', 'action': 'leak', 'name': 'aladdin_comparator', 'n_instances': 1}
2026-02-26 09:52:20 INFO        | Scaling global_cycle_seconds from 1e-9 to 1e-09
2026-02-26 09:52:20 INFO        | Scaling technology from 40nm to 45nm
2026-02-26 09:52:20 INFO        | Scaled aladdin_comparator.global_cycle_seconds from 1e-09 to 1e-09: 1.0x leak
2026-02-26 09:52:20 INFO        | Scaled aladdin_comparator.technology from 40.0 to 45.0: 1.265241016612673x leak
2026-02-26 09:52:20 INFO        | aladdin_comparator leak has been scaled 1.265241016612673x
2026-02-26 09:52:20 INFO        | Multiplying by n_instances 1
2026-02-26 09:52:20 INFO        
2026-02-26 09:52:20 INFO        ENERGY ESTIMATION for intadder(n_bits=13, precision=13, width=13, global_cycle_seconds=1e-09, action_latency_cycles=1, cycle_seconds=1e-09, technology=45nm, n_instances=1).leak(global_cycle_seconds=1e-09, action_latency_cycles=1, cycle_seconds=1e-09, technology=45nm, n_instances=1)
2026-02-26 09:52:20 INFO        Aladdin_table estimated 0.000934375p with accuracy 70%. Messages:
2026-02-26 09:52:20 INFO        | Multiplying by n_instances 1
2026-02-26 09:52:20 INFO        
2026-02-26 09:52:20 INFO        ENERGY ESTIMATION for aladdin_register(global_cycle_seconds=1e-09, action_latency_cycles=1, cycle_seconds=1e-09, technology=45nm, n_instances=1).write(global_cycle_seconds=1e-09, action_latency_cycles=1, cycle_seconds=1e-09, technology=45nm, n_instances=1)
2026-02-26 09:52:20 INFO        Library estimated 0.0p with accuracy 90%. Messages:
2026-02-26 09:52:20 INFO        | Found 1 entries for aladdin_register.write.
2026-02-26 09:52:20 INFO        | Checking entry "{'technology': '40nm', 'global_cycle_seconds': '1e-9', 'width|datawidth': '1', 'dynamic energy(pJ)': '0', 'area(um^2)': '5.98E+00', 'action': 'write', 'name': 'aladdin_register', 'n_instances': 1}
2026-02-26 09:52:20 INFO        | value=0.0, matching_attrs=2, log=['Scaling global_cycle_seconds from 1e-9 to 1e-09', 'Scaling technology from 40nm to 45nm', 'Scaled aladdin_register.global_cycle_seconds from 1e-09 to 1e-09: 1x energy', 'Scaled aladdin_register.technology from 40.0 to 45.0: 1.265241016612673x energy', 'aladdin_register energy has been scaled 1.265241016612673x']
2026-02-26 09:52:20 INFO        | Best-matching entry: {'technology': '40nm', 'global_cycle_seconds': '1e-9', 'width|datawidth': '1', 'dynamic energy(pJ)': '0', 'area(um^2)': '5.98E+00', 'action': 'write', 'name': 'aladdin_register', 'n_instances': 1}
2026-02-26 09:52:20 INFO        | Scaling global_cycle_seconds from 1e-9 to 1e-09
2026-02-26 09:52:20 INFO        | Scaling technology from 40nm to 45nm
2026-02-26 09:52:20 INFO        | Scaled aladdin_register.global_cycle_seconds from 1e-09 to 1e-09: 1x energy
2026-02-26 09:52:20 INFO        | Scaled aladdin_register.technology from 40.0 to 45.0: 1.265241016612673x energy
2026-02-26 09:52:20 INFO        | aladdin_register energy has been scaled 1.265241016612673x
2026-02-26 09:52:20 INFO        
2026-02-26 09:52:20 INFO        ENERGY ESTIMATION for aladdin_comparator(n_bits=13, global_cycle_seconds=1e-09, action_latency_cycles=1, cycle_seconds=1e-09, technology=45nm, n_instances=1).compare(global_cycle_seconds=1e-09, action_latency_cycles=1, cycle_seconds=1e-09, technology=45nm, n_instances=1)
2026-02-26 09:52:20 INFO        Library estimated 0.037286652759575475p with accuracy 90%. Messages:
2026-02-26 09:52:20 INFO        | Found 1 entries for aladdin_comparator.compare.
2026-02-26 09:52:20 INFO        | Checking entry "{'technology': '40nm', 'global_cycle_seconds': '1e-9', 'width|datawidth': '32', 'energy(pJ)': '0.02947', 'area(um^2)': '71', 'action': 'compare', 'name': 'aladdin_comparator', 'n_instances': 1}
2026-02-26 09:52:20 INFO        | value=0.02947, matching_attrs=2, log=['Scaling global_cycle_seconds from 1e-9 to 1e-09', 'Scaling technology from 40nm to 45nm', 'Scaled aladdin_comparator.global_cycle_seconds from 1e-09 to 1e-09: 1x energy', 'Scaled aladdin_comparator.technology from 40.0 to 45.0: 1.265241016612673x energy', 'aladdin_comparator energy has been scaled 1.265241016612673x']
2026-02-26 09:52:20 INFO        | Best-matching entry: {'technology': '40nm', 'global_cycle_seconds': '1e-9', 'width|datawidth': '32', 'energy(pJ)': '0.02947', 'area(um^2)': '71', 'action': 'compare', 'name': 'aladdin_comparator', 'n_instances': 1}
2026-02-26 09:52:20 INFO        | Scaling global_cycle_seconds from 1e-9 to 1e-09
2026-02-26 09:52:20 INFO        | Scaling technology from 40nm to 45nm
2026-02-26 09:52:20 INFO        | Scaled aladdin_comparator.global_cycle_seconds from 1e-09 to 1e-09: 1x energy
2026-02-26 09:52:20 INFO        | Scaled aladdin_comparator.technology from 40.0 to 45.0: 1.265241016612673x energy
2026-02-26 09:52:20 INFO        | aladdin_comparator energy has been scaled 1.265241016612673x
2026-02-26 09:52:20 INFO        
2026-02-26 09:52:20 INFO        ENERGY ESTIMATION for intadder(n_bits=13, precision=13, width=13, global_cycle_seconds=1e-09, action_latency_cycles=1, cycle_seconds=1e-09, technology=45nm, n_instances=1).add(global_cycle_seconds=1e-09, action_latency_cycles=1, cycle_seconds=1e-09, technology=45nm, n_instances=1)
2026-02-26 09:52:20 INFO        Aladdin_table estimated 0.0853125p with accuracy 70%. 
2026-02-26 09:52:20 INFO        
2026-02-26 09:52:20 INFO        ENERGY ESTIMATION for aladdin_register(global_cycle_seconds=1e-09, action_latency_cycles=1, cycle_seconds=1e-09, technology=45nm, n_instances=1).write(global_cycle_seconds=1e-09, action_latency_cycles=1, cycle_seconds=1e-09, technology=45nm, n_instances=1)
2026-02-26 09:52:20 INFO        Library estimated 0.0p with accuracy 90%. Messages:
2026-02-26 09:52:20 INFO        | Found 1 entries for aladdin_register.write.
2026-02-26 09:52:20 INFO        | Checking entry "{'technology': '40nm', 'global_cycle_seconds': '1e-9', 'width|datawidth': '1', 'dynamic energy(pJ)': '0', 'area(um^2)': '5.98E+00', 'action': 'write', 'name': 'aladdin_register', 'n_instances': 1}
2026-02-26 09:52:20 INFO        | value=0.0, matching_attrs=2, log=['Scaling global_cycle_seconds from 1e-9 to 1e-09', 'Scaling technology from 40nm to 45nm', 'Scaled aladdin_register.global_cycle_seconds from 1e-09 to 1e-09: 1x energy', 'Scaled aladdin_register.technology from 40.0 to 45.0: 1.265241016612673x energy', 'aladdin_register energy has been scaled 1.265241016612673x']
2026-02-26 09:52:20 INFO        | Best-matching entry: {'technology': '40nm', 'global_cycle_seconds': '1e-9', 'width|datawidth': '1', 'dynamic energy(pJ)': '0', 'area(um^2)': '5.98E+00', 'action': 'write', 'name': 'aladdin_register', 'n_instances': 1}
2026-02-26 09:52:20 INFO        | Scaling global_cycle_seconds from 1e-9 to 1e-09
2026-02-26 09:52:20 INFO        | Scaling technology from 40nm to 45nm
2026-02-26 09:52:20 INFO        | Scaled aladdin_register.global_cycle_seconds from 1e-09 to 1e-09: 1x energy
2026-02-26 09:52:20 INFO        | Scaled aladdin_register.technology from 40.0 to 45.0: 1.265241016612673x energy
2026-02-26 09:52:20 INFO        | aladdin_register energy has been scaled 1.265241016612673x
2026-02-26 09:52:20 INFO        
2026-02-26 09:52:20 INFO        ENERGY ESTIMATION for aladdin_comparator(n_bits=12, global_cycle_seconds=1e-09, action_latency_cycles=1, cycle_seconds=1e-09, technology=45nm, n_instances=1).compare(global_cycle_seconds=1e-09, action_latency_cycles=1, cycle_seconds=1e-09, technology=45nm, n_instances=1)
2026-02-26 09:52:20 INFO        Library estimated 0.037286652759575475p with accuracy 90%. Messages:
2026-02-26 09:52:20 INFO        | Found 1 entries for aladdin_comparator.compare.
2026-02-26 09:52:20 INFO        | Checking entry "{'technology': '40nm', 'global_cycle_seconds': '1e-9', 'width|datawidth': '32', 'energy(pJ)': '0.02947', 'area(um^2)': '71', 'action': 'compare', 'name': 'aladdin_comparator', 'n_instances': 1}
2026-02-26 09:52:20 INFO        | value=0.02947, matching_attrs=2, log=['Scaling global_cycle_seconds from 1e-9 to 1e-09', 'Scaling technology from 40nm to 45nm', 'Scaled aladdin_comparator.global_cycle_seconds from 1e-09 to 1e-09: 1x energy', 'Scaled aladdin_comparator.technology from 40.0 to 45.0: 1.265241016612673x energy', 'aladdin_comparator energy has been scaled 1.265241016612673x']
2026-02-26 09:52:20 INFO        | Best-matching entry: {'technology': '40nm', 'global_cycle_seconds': '1e-9', 'width|datawidth': '32', 'energy(pJ)': '0.02947', 'area(um^2)': '71', 'action': 'compare', 'name': 'aladdin_comparator', 'n_instances': 1}
2026-02-26 09:52:20 INFO        | Scaling global_cycle_seconds from 1e-9 to 1e-09
2026-02-26 09:52:20 INFO        | Scaling technology from 40nm to 45nm
2026-02-26 09:52:20 INFO        | Scaled aladdin_comparator.global_cycle_seconds from 1e-09 to 1e-09: 1x energy
2026-02-26 09:52:20 INFO        | Scaled aladdin_comparator.technology from 40.0 to 45.0: 1.265241016612673x energy
2026-02-26 09:52:20 INFO        | aladdin_comparator energy has been scaled 1.265241016612673x
2026-02-26 09:52:20 INFO        
2026-02-26 09:52:20 INFO        ENERGY ESTIMATION for intadder(n_bits=12, precision=12, width=12, global_cycle_seconds=1e-09, action_latency_cycles=1, cycle_seconds=1e-09, technology=45nm, n_instances=1).add(global_cycle_seconds=1e-09, action_latency_cycles=1, cycle_seconds=1e-09, technology=45nm, n_instances=1)
2026-02-26 09:52:20 INFO        Aladdin_table estimated 0.07875p with accuracy 70%. 
2026-02-26 09:52:20 INFO        
2026-02-26 09:52:20 INFO        ENERGY ESTIMATION for aladdin_register(global_cycle_seconds=1e-09, action_latency_cycles=1, cycle_seconds=1e-09, technology=45nm, n_instances=1).read(global_cycle_seconds=1e-09, action_latency_cycles=1, cycle_seconds=1e-09, technology=45nm, n_instances=1)
2026-02-26 09:52:20 INFO        Library estimated 0.011387169149514056p with accuracy 90%. Messages:
2026-02-26 09:52:20 INFO        | Found 1 entries for aladdin_register.read.
2026-02-26 09:52:20 INFO        | Checking entry "{'technology': '40nm', 'global_cycle_seconds': '1e-9', 'width|datawidth': '1', 'dynamic energy(pJ)': '0.009', 'area(um^2)': '5.98E+00', 'action': 'read', 'name': 'aladdin_register', 'n_instances': 1}
2026-02-26 09:52:20 INFO        | value=0.009, matching_attrs=2, log=['Scaling global_cycle_seconds from 1e-9 to 1e-09', 'Scaling technology from 40nm to 45nm', 'Scaled aladdin_register.global_cycle_seconds from 1e-09 to 1e-09: 1x energy', 'Scaled aladdin_register.technology from 40.0 to 45.0: 1.265241016612673x energy', 'aladdin_register energy has been scaled 1.265241016612673x']
2026-02-26 09:52:20 INFO        | Best-matching entry: {'technology': '40nm', 'global_cycle_seconds': '1e-9', 'width|datawidth': '1', 'dynamic energy(pJ)': '0.009', 'area(um^2)': '5.98E+00', 'action': 'read', 'name': 'aladdin_register', 'n_instances': 1}
2026-02-26 09:52:20 INFO        | Scaling global_cycle_seconds from 1e-9 to 1e-09
2026-02-26 09:52:20 INFO        | Scaling technology from 40nm to 45nm
2026-02-26 09:52:20 INFO        | Scaled aladdin_register.global_cycle_seconds from 1e-09 to 1e-09: 1x energy
2026-02-26 09:52:20 INFO        | Scaled aladdin_register.technology from 40.0 to 45.0: 1.265241016612673x energy
2026-02-26 09:52:20 INFO        | aladdin_register energy has been scaled 1.265241016612673x
2026-02-26 09:52:20 INFO        
2026-02-26 09:52:20 INFO        ENERGY ESTIMATION for aladdin_comparator(n_bits=12, global_cycle_seconds=1e-09, action_latency_cycles=1, cycle_seconds=1e-09, technology=45nm, n_instances=1).compare(global_cycle_seconds=1e-09, action_latency_cycles=1, cycle_seconds=1e-09, technology=45nm, n_instances=1)
2026-02-26 09:52:20 INFO        Library estimated 0.037286652759575475p with accuracy 90%. Messages:
2026-02-26 09:52:20 INFO        | Found 1 entries for aladdin_comparator.compare.
2026-02-26 09:52:20 INFO        | Checking entry "{'technology': '40nm', 'global_cycle_seconds': '1e-9', 'width|datawidth': '32', 'energy(pJ)': '0.02947', 'area(um^2)': '71', 'action': 'compare', 'name': 'aladdin_comparator', 'n_instances': 1}
2026-02-26 09:52:20 INFO        | value=0.02947, matching_attrs=2, log=['Scaling global_cycle_seconds from 1e-9 to 1e-09', 'Scaling technology from 40nm to 45nm', 'Scaled aladdin_comparator.global_cycle_seconds from 1e-09 to 1e-09: 1x energy', 'Scaled aladdin_comparator.technology from 40.0 to 45.0: 1.265241016612673x energy', 'aladdin_comparator energy has been scaled 1.265241016612673x']
2026-02-26 09:52:20 INFO        | Best-matching entry: {'technology': '40nm', 'global_cycle_seconds': '1e-9', 'width|datawidth': '32', 'energy(pJ)': '0.02947', 'area(um^2)': '71', 'action': 'compare', 'name': 'aladdin_comparator', 'n_instances': 1}
2026-02-26 09:52:20 INFO        | Scaling global_cycle_seconds from 1e-9 to 1e-09
2026-02-26 09:52:20 INFO        | Scaling technology from 40nm to 45nm
2026-02-26 09:52:20 INFO        | Scaled aladdin_comparator.global_cycle_seconds from 1e-09 to 1e-09: 1x energy
2026-02-26 09:52:20 INFO        | Scaled aladdin_comparator.technology from 40.0 to 45.0: 1.265241016612673x energy
2026-02-26 09:52:20 INFO        | aladdin_comparator energy has been scaled 1.265241016612673x
2026-02-26 09:52:20 INFO        
2026-02-26 09:52:20 INFO        ENERGY ESTIMATION for intadder(n_bits=12, precision=12, width=12, global_cycle_seconds=1e-09, action_latency_cycles=1, cycle_seconds=1e-09, technology=45nm, n_instances=1).add(global_cycle_seconds=1e-09, action_latency_cycles=1, cycle_seconds=1e-09, technology=45nm, n_instances=1)
2026-02-26 09:52:20 INFO        Aladdin_table estimated 0.07875p with accuracy 70%. 
2026-02-26 09:52:20 INFO        
2026-02-26 09:52:20 INFO        ENERGY ESTIMATION for aladdin_register(global_cycle_seconds=1e-09, action_latency_cycles=1, cycle_seconds=1e-09, technology=45nm, n_instances=1).leak(global_cycle_seconds=1e-09, action_latency_cycles=1, cycle_seconds=1e-09, technology=45nm, n_instances=1)
2026-02-26 09:52:20 INFO        Library estimated 0.0p with accuracy 90%. Messages:
2026-02-26 09:52:20 INFO        | Found 1 entries for aladdin_register.leak.
2026-02-26 09:52:20 INFO        | Checking entry "{'technology': '40nm', 'global_cycle_seconds': '1e-9', 'width|datawidth': '1', 'dynamic energy(pJ)': '0', 'area(um^2)': '5.98E+00', 'action': 'leak', 'name': 'aladdin_register', 'n_instances': 1}
2026-02-26 09:52:20 INFO        | value=0.0, matching_attrs=2, log=['Scaling global_cycle_seconds from 1e-9 to 1e-09', 'Scaling technology from 40nm to 45nm', 'Scaled aladdin_register.global_cycle_seconds from 1e-09 to 1e-09: 1.0x leak', 'Scaled aladdin_register.technology from 40.0 to 45.0: 1.265241016612673x leak', 'aladdin_register leak has been scaled 1.265241016612673x']
2026-02-26 09:52:20 INFO        | Best-matching entry: {'technology': '40nm', 'global_cycle_seconds': '1e-9', 'width|datawidth': '1', 'dynamic energy(pJ)': '0', 'area(um^2)': '5.98E+00', 'action': 'leak', 'name': 'aladdin_register', 'n_instances': 1}
2026-02-26 09:52:20 INFO        | Scaling global_cycle_seconds from 1e-9 to 1e-09
2026-02-26 09:52:20 INFO        | Scaling technology from 40nm to 45nm
2026-02-26 09:52:20 INFO        | Scaled aladdin_register.global_cycle_seconds from 1e-09 to 1e-09: 1.0x leak
2026-02-26 09:52:20 INFO        | Scaled aladdin_register.technology from 40.0 to 45.0: 1.265241016612673x leak
2026-02-26 09:52:20 INFO        | aladdin_register leak has been scaled 1.265241016612673x
2026-02-26 09:52:20 INFO        | Multiplying by n_instances 1
2026-02-26 09:52:20 INFO        
2026-02-26 09:52:20 INFO        ENERGY ESTIMATION for aladdin_comparator(n_bits=12, global_cycle_seconds=1e-09, action_latency_cycles=1, cycle_seconds=1e-09, technology=45nm, n_instances=1).leak(global_cycle_seconds=1e-09, action_latency_cycles=1, cycle_seconds=1e-09, technology=45nm, n_instances=1)
2026-02-26 09:52:20 INFO        Library estimated 3.175754951697809e-05p with accuracy 90%. Messages:
2026-02-26 09:52:20 INFO        | Found 1 entries for aladdin_comparator.leak.
2026-02-26 09:52:20 INFO        | Checking entry "{'technology': '40nm', 'global_cycle_seconds': '1e-9', 'width|datawidth': '32', 'energy(pJ)': '2.51E-05', 'area(um^2)': '71', 'action': 'leak', 'name': 'aladdin_comparator', 'n_instances': 1}
2026-02-26 09:52:20 INFO        | value=2.51e-05, matching_attrs=2, log=['Scaling global_cycle_seconds from 1e-9 to 1e-09', 'Scaling technology from 40nm to 45nm', 'Scaled aladdin_comparator.global_cycle_seconds from 1e-09 to 1e-09: 1.0x leak', 'Scaled aladdin_comparator.technology from 40.0 to 45.0: 1.265241016612673x leak', 'aladdin_comparator leak has been scaled 1.265241016612673x']
2026-02-26 09:52:20 INFO        | Best-matching entry: {'technology': '40nm', 'global_cycle_seconds': '1e-9', 'width|datawidth': '32', 'energy(pJ)': '2.51E-05', 'area(um^2)': '71', 'action': 'leak', 'name': 'aladdin_comparator', 'n_instances': 1}
2026-02-26 09:52:20 INFO        | Scaling global_cycle_seconds from 1e-9 to 1e-09
2026-02-26 09:52:20 INFO        | Scaling technology from 40nm to 45nm
2026-02-26 09:52:20 INFO        | Scaled aladdin_comparator.global_cycle_seconds from 1e-09 to 1e-09: 1.0x leak
2026-02-26 09:52:20 INFO        | Scaled aladdin_comparator.technology from 40.0 to 45.0: 1.265241016612673x leak
2026-02-26 09:52:20 INFO        | aladdin_comparator leak has been scaled 1.265241016612673x
2026-02-26 09:52:20 INFO        | Multiplying by n_instances 1
2026-02-26 09:52:20 INFO        
2026-02-26 09:52:20 INFO        ENERGY ESTIMATION for intadder(n_bits=12, precision=12, width=12, global_cycle_seconds=1e-09, action_latency_cycles=1, cycle_seconds=1e-09, technology=45nm, n_instances=1).leak(global_cycle_seconds=1e-09, action_latency_cycles=1, cycle_seconds=1e-09, technology=45nm, n_instances=1)
2026-02-26 09:52:20 INFO        Aladdin_table estimated 0.0008625p with accuracy 70%. Messages:
2026-02-26 09:52:20 INFO        | Multiplying by n_instances 1
2026-02-26 09:52:20 INFO        
2026-02-26 09:52:20 INFO        ENERGY ESTIMATION for aladdin_register(global_cycle_seconds=1e-09, action_latency_cycles=1, cycle_seconds=1e-09, technology=45nm, n_instances=1).write(global_cycle_seconds=1e-09, action_latency_cycles=1, cycle_seconds=1e-09, technology=45nm, n_instances=1)
2026-02-26 09:52:20 INFO        Library estimated 0.0p with accuracy 90%. Messages:
2026-02-26 09:52:20 INFO        | Found 1 entries for aladdin_register.write.
2026-02-26 09:52:20 INFO        | Checking entry "{'technology': '40nm', 'global_cycle_seconds': '1e-9', 'width|datawidth': '1', 'dynamic energy(pJ)': '0', 'area(um^2)': '5.98E+00', 'action': 'write', 'name': 'aladdin_register', 'n_instances': 1}
2026-02-26 09:52:20 INFO        | value=0.0, matching_attrs=2, log=['Scaling global_cycle_seconds from 1e-9 to 1e-09', 'Scaling technology from 40nm to 45nm', 'Scaled aladdin_register.global_cycle_seconds from 1e-09 to 1e-09: 1x energy', 'Scaled aladdin_register.technology from 40.0 to 45.0: 1.265241016612673x energy', 'aladdin_register energy has been scaled 1.265241016612673x']
2026-02-26 09:52:20 INFO        | Best-matching entry: {'technology': '40nm', 'global_cycle_seconds': '1e-9', 'width|datawidth': '1', 'dynamic energy(pJ)': '0', 'area(um^2)': '5.98E+00', 'action': 'write', 'name': 'aladdin_register', 'n_instances': 1}
2026-02-26 09:52:20 INFO        | Scaling global_cycle_seconds from 1e-9 to 1e-09
2026-02-26 09:52:20 INFO        | Scaling technology from 40nm to 45nm
2026-02-26 09:52:20 INFO        | Scaled aladdin_register.global_cycle_seconds from 1e-09 to 1e-09: 1x energy
2026-02-26 09:52:20 INFO        | Scaled aladdin_register.technology from 40.0 to 45.0: 1.265241016612673x energy
2026-02-26 09:52:20 INFO        | aladdin_register energy has been scaled 1.265241016612673x
2026-02-26 09:52:20 INFO        
2026-02-26 09:52:20 INFO        ENERGY ESTIMATION for aladdin_comparator(n_bits=12, global_cycle_seconds=1e-09, action_latency_cycles=1, cycle_seconds=1e-09, technology=45nm, n_instances=1).compare(global_cycle_seconds=1e-09, action_latency_cycles=1, cycle_seconds=1e-09, technology=45nm, n_instances=1)
2026-02-26 09:52:20 INFO        Library estimated 0.037286652759575475p with accuracy 90%. Messages:
2026-02-26 09:52:20 INFO        | Found 1 entries for aladdin_comparator.compare.
2026-02-26 09:52:20 INFO        | Checking entry "{'technology': '40nm', 'global_cycle_seconds': '1e-9', 'width|datawidth': '32', 'energy(pJ)': '0.02947', 'area(um^2)': '71', 'action': 'compare', 'name': 'aladdin_comparator', 'n_instances': 1}
2026-02-26 09:52:20 INFO        | value=0.02947, matching_attrs=2, log=['Scaling global_cycle_seconds from 1e-9 to 1e-09', 'Scaling technology from 40nm to 45nm', 'Scaled aladdin_comparator.global_cycle_seconds from 1e-09 to 1e-09: 1x energy', 'Scaled aladdin_comparator.technology from 40.0 to 45.0: 1.265241016612673x energy', 'aladdin_comparator energy has been scaled 1.265241016612673x']
2026-02-26 09:52:20 INFO        | Best-matching entry: {'technology': '40nm', 'global_cycle_seconds': '1e-9', 'width|datawidth': '32', 'energy(pJ)': '0.02947', 'area(um^2)': '71', 'action': 'compare', 'name': 'aladdin_comparator', 'n_instances': 1}
2026-02-26 09:52:20 INFO        | Scaling global_cycle_seconds from 1e-9 to 1e-09
2026-02-26 09:52:20 INFO        | Scaling technology from 40nm to 45nm
2026-02-26 09:52:20 INFO        | Scaled aladdin_comparator.global_cycle_seconds from 1e-09 to 1e-09: 1x energy
2026-02-26 09:52:20 INFO        | Scaled aladdin_comparator.technology from 40.0 to 45.0: 1.265241016612673x energy
2026-02-26 09:52:20 INFO        | aladdin_comparator energy has been scaled 1.265241016612673x
2026-02-26 09:52:20 INFO        
2026-02-26 09:52:20 INFO        ENERGY ESTIMATION for intadder(n_bits=12, precision=12, width=12, global_cycle_seconds=1e-09, action_latency_cycles=1, cycle_seconds=1e-09, technology=45nm, n_instances=1).add(global_cycle_seconds=1e-09, action_latency_cycles=1, cycle_seconds=1e-09, technology=45nm, n_instances=1)
2026-02-26 09:52:20 INFO        Aladdin_table estimated 0.07875p with accuracy 70%. 
2026-02-26 09:52:20 INFO        
2026-02-26 09:52:20 INFO        ENERGY ESTIMATION for aladdin_register(global_cycle_seconds=1e-09, action_latency_cycles=1, cycle_seconds=1e-09, technology=45nm, n_instances=1).write(global_cycle_seconds=1e-09, action_latency_cycles=1, cycle_seconds=1e-09, technology=45nm, n_instances=1)
2026-02-26 09:52:20 INFO        Library estimated 0.0p with accuracy 90%. Messages:
2026-02-26 09:52:20 INFO        | Found 1 entries for aladdin_register.write.
2026-02-26 09:52:20 INFO        | Checking entry "{'technology': '40nm', 'global_cycle_seconds': '1e-9', 'width|datawidth': '1', 'dynamic energy(pJ)': '0', 'area(um^2)': '5.98E+00', 'action': 'write', 'name': 'aladdin_register', 'n_instances': 1}
2026-02-26 09:52:20 INFO        | value=0.0, matching_attrs=2, log=['Scaling global_cycle_seconds from 1e-9 to 1e-09', 'Scaling technology from 40nm to 45nm', 'Scaled aladdin_register.global_cycle_seconds from 1e-09 to 1e-09: 1x energy', 'Scaled aladdin_register.technology from 40.0 to 45.0: 1.265241016612673x energy', 'aladdin_register energy has been scaled 1.265241016612673x']
2026-02-26 09:52:20 INFO        | Best-matching entry: {'technology': '40nm', 'global_cycle_seconds': '1e-9', 'width|datawidth': '1', 'dynamic energy(pJ)': '0', 'area(um^2)': '5.98E+00', 'action': 'write', 'name': 'aladdin_register', 'n_instances': 1}
2026-02-26 09:52:20 INFO        | Scaling global_cycle_seconds from 1e-9 to 1e-09
2026-02-26 09:52:20 INFO        | Scaling technology from 40nm to 45nm
2026-02-26 09:52:20 INFO        | Scaled aladdin_register.global_cycle_seconds from 1e-09 to 1e-09: 1x energy
2026-02-26 09:52:20 INFO        | Scaled aladdin_register.technology from 40.0 to 45.0: 1.265241016612673x energy
2026-02-26 09:52:20 INFO        | aladdin_register energy has been scaled 1.265241016612673x
2026-02-26 09:52:20 INFO        
2026-02-26 09:52:20 INFO        ENERGY ESTIMATION for aladdin_comparator(n_bits=7, global_cycle_seconds=1e-09, action_latency_cycles=1, cycle_seconds=1e-09, technology=45nm, n_instances=1).compare(global_cycle_seconds=1e-09, action_latency_cycles=1, cycle_seconds=1e-09, technology=45nm, n_instances=1)
2026-02-26 09:52:20 INFO        Library estimated 0.037286652759575475p with accuracy 90%. Messages:
2026-02-26 09:52:20 INFO        | Found 1 entries for aladdin_comparator.compare.
2026-02-26 09:52:20 INFO        | Checking entry "{'technology': '40nm', 'global_cycle_seconds': '1e-9', 'width|datawidth': '32', 'energy(pJ)': '0.02947', 'area(um^2)': '71', 'action': 'compare', 'name': 'aladdin_comparator', 'n_instances': 1}
2026-02-26 09:52:20 INFO        | value=0.02947, matching_attrs=2, log=['Scaling global_cycle_seconds from 1e-9 to 1e-09', 'Scaling technology from 40nm to 45nm', 'Scaled aladdin_comparator.global_cycle_seconds from 1e-09 to 1e-09: 1x energy', 'Scaled aladdin_comparator.technology from 40.0 to 45.0: 1.265241016612673x energy', 'aladdin_comparator energy has been scaled 1.265241016612673x']
2026-02-26 09:52:20 INFO        | Best-matching entry: {'technology': '40nm', 'global_cycle_seconds': '1e-9', 'width|datawidth': '32', 'energy(pJ)': '0.02947', 'area(um^2)': '71', 'action': 'compare', 'name': 'aladdin_comparator', 'n_instances': 1}
2026-02-26 09:52:20 INFO        | Scaling global_cycle_seconds from 1e-9 to 1e-09
2026-02-26 09:52:20 INFO        | Scaling technology from 40nm to 45nm
2026-02-26 09:52:20 INFO        | Scaled aladdin_comparator.global_cycle_seconds from 1e-09 to 1e-09: 1x energy
2026-02-26 09:52:20 INFO        | Scaled aladdin_comparator.technology from 40.0 to 45.0: 1.265241016612673x energy
2026-02-26 09:52:20 INFO        | aladdin_comparator energy has been scaled 1.265241016612673x
2026-02-26 09:52:20 INFO        
2026-02-26 09:52:20 INFO        ENERGY ESTIMATION for intadder(n_bits=7, precision=7, width=7, global_cycle_seconds=1e-09, action_latency_cycles=1, cycle_seconds=1e-09, technology=45nm, n_instances=1).add(global_cycle_seconds=1e-09, action_latency_cycles=1, cycle_seconds=1e-09, technology=45nm, n_instances=1)
2026-02-26 09:52:20 INFO        Aladdin_table estimated 0.0459375p with accuracy 70%. 
2026-02-26 09:52:20 INFO        
2026-02-26 09:52:20 INFO        ENERGY ESTIMATION for aladdin_register(global_cycle_seconds=1e-09, action_latency_cycles=1, cycle_seconds=1e-09, technology=45nm, n_instances=1).read(global_cycle_seconds=1e-09, action_latency_cycles=1, cycle_seconds=1e-09, technology=45nm, n_instances=1)
2026-02-26 09:52:20 INFO        Library estimated 0.011387169149514056p with accuracy 90%. Messages:
2026-02-26 09:52:20 INFO        | Found 1 entries for aladdin_register.read.
2026-02-26 09:52:20 INFO        | Checking entry "{'technology': '40nm', 'global_cycle_seconds': '1e-9', 'width|datawidth': '1', 'dynamic energy(pJ)': '0.009', 'area(um^2)': '5.98E+00', 'action': 'read', 'name': 'aladdin_register', 'n_instances': 1}
2026-02-26 09:52:20 INFO        | value=0.009, matching_attrs=2, log=['Scaling global_cycle_seconds from 1e-9 to 1e-09', 'Scaling technology from 40nm to 45nm', 'Scaled aladdin_register.global_cycle_seconds from 1e-09 to 1e-09: 1x energy', 'Scaled aladdin_register.technology from 40.0 to 45.0: 1.265241016612673x energy', 'aladdin_register energy has been scaled 1.265241016612673x']
2026-02-26 09:52:20 INFO        | Best-matching entry: {'technology': '40nm', 'global_cycle_seconds': '1e-9', 'width|datawidth': '1', 'dynamic energy(pJ)': '0.009', 'area(um^2)': '5.98E+00', 'action': 'read', 'name': 'aladdin_register', 'n_instances': 1}
2026-02-26 09:52:20 INFO        | Scaling global_cycle_seconds from 1e-9 to 1e-09
2026-02-26 09:52:20 INFO        | Scaling technology from 40nm to 45nm
2026-02-26 09:52:20 INFO        | Scaled aladdin_register.global_cycle_seconds from 1e-09 to 1e-09: 1x energy
2026-02-26 09:52:20 INFO        | Scaled aladdin_register.technology from 40.0 to 45.0: 1.265241016612673x energy
2026-02-26 09:52:20 INFO        | aladdin_register energy has been scaled 1.265241016612673x
2026-02-26 09:52:20 INFO        
2026-02-26 09:52:20 INFO        ENERGY ESTIMATION for aladdin_comparator(n_bits=7, global_cycle_seconds=1e-09, action_latency_cycles=1, cycle_seconds=1e-09, technology=45nm, n_instances=1).compare(global_cycle_seconds=1e-09, action_latency_cycles=1, cycle_seconds=1e-09, technology=45nm, n_instances=1)
2026-02-26 09:52:20 INFO        Library estimated 0.037286652759575475p with accuracy 90%. Messages:
2026-02-26 09:52:20 INFO        | Found 1 entries for aladdin_comparator.compare.
2026-02-26 09:52:20 INFO        | Checking entry "{'technology': '40nm', 'global_cycle_seconds': '1e-9', 'width|datawidth': '32', 'energy(pJ)': '0.02947', 'area(um^2)': '71', 'action': 'compare', 'name': 'aladdin_comparator', 'n_instances': 1}
2026-02-26 09:52:20 INFO        | value=0.02947, matching_attrs=2, log=['Scaling global_cycle_seconds from 1e-9 to 1e-09', 'Scaling technology from 40nm to 45nm', 'Scaled aladdin_comparator.global_cycle_seconds from 1e-09 to 1e-09: 1x energy', 'Scaled aladdin_comparator.technology from 40.0 to 45.0: 1.265241016612673x energy', 'aladdin_comparator energy has been scaled 1.265241016612673x']
2026-02-26 09:52:20 INFO        | Best-matching entry: {'technology': '40nm', 'global_cycle_seconds': '1e-9', 'width|datawidth': '32', 'energy(pJ)': '0.02947', 'area(um^2)': '71', 'action': 'compare', 'name': 'aladdin_comparator', 'n_instances': 1}
2026-02-26 09:52:20 INFO        | Scaling global_cycle_seconds from 1e-9 to 1e-09
2026-02-26 09:52:20 INFO        | Scaling technology from 40nm to 45nm
2026-02-26 09:52:20 INFO        | Scaled aladdin_comparator.global_cycle_seconds from 1e-09 to 1e-09: 1x energy
2026-02-26 09:52:20 INFO        | Scaled aladdin_comparator.technology from 40.0 to 45.0: 1.265241016612673x energy
2026-02-26 09:52:20 INFO        | aladdin_comparator energy has been scaled 1.265241016612673x
2026-02-26 09:52:20 INFO        
2026-02-26 09:52:20 INFO        ENERGY ESTIMATION for intadder(n_bits=7, precision=7, width=7, global_cycle_seconds=1e-09, action_latency_cycles=1, cycle_seconds=1e-09, technology=45nm, n_instances=1).add(global_cycle_seconds=1e-09, action_latency_cycles=1, cycle_seconds=1e-09, technology=45nm, n_instances=1)
2026-02-26 09:52:20 INFO        Aladdin_table estimated 0.0459375p with accuracy 70%. 
2026-02-26 09:52:20 INFO        
2026-02-26 09:52:20 INFO        ENERGY ESTIMATION for aladdin_register(global_cycle_seconds=1e-09, action_latency_cycles=1, cycle_seconds=1e-09, technology=45nm, n_instances=1).leak(global_cycle_seconds=1e-09, action_latency_cycles=1, cycle_seconds=1e-09, technology=45nm, n_instances=1)
2026-02-26 09:52:20 INFO        Library estimated 0.0p with accuracy 90%. Messages:
2026-02-26 09:52:20 INFO        | Found 1 entries for aladdin_register.leak.
2026-02-26 09:52:20 INFO        | Checking entry "{'technology': '40nm', 'global_cycle_seconds': '1e-9', 'width|datawidth': '1', 'dynamic energy(pJ)': '0', 'area(um^2)': '5.98E+00', 'action': 'leak', 'name': 'aladdin_register', 'n_instances': 1}
2026-02-26 09:52:20 INFO        | value=0.0, matching_attrs=2, log=['Scaling global_cycle_seconds from 1e-9 to 1e-09', 'Scaling technology from 40nm to 45nm', 'Scaled aladdin_register.global_cycle_seconds from 1e-09 to 1e-09: 1.0x leak', 'Scaled aladdin_register.technology from 40.0 to 45.0: 1.265241016612673x leak', 'aladdin_register leak has been scaled 1.265241016612673x']
2026-02-26 09:52:20 INFO        | Best-matching entry: {'technology': '40nm', 'global_cycle_seconds': '1e-9', 'width|datawidth': '1', 'dynamic energy(pJ)': '0', 'area(um^2)': '5.98E+00', 'action': 'leak', 'name': 'aladdin_register', 'n_instances': 1}
2026-02-26 09:52:20 INFO        | Scaling global_cycle_seconds from 1e-9 to 1e-09
2026-02-26 09:52:20 INFO        | Scaling technology from 40nm to 45nm
2026-02-26 09:52:20 INFO        | Scaled aladdin_register.global_cycle_seconds from 1e-09 to 1e-09: 1.0x leak
2026-02-26 09:52:20 INFO        | Scaled aladdin_register.technology from 40.0 to 45.0: 1.265241016612673x leak
2026-02-26 09:52:20 INFO        | aladdin_register leak has been scaled 1.265241016612673x
2026-02-26 09:52:20 INFO        | Multiplying by n_instances 1
2026-02-26 09:52:20 INFO        
2026-02-26 09:52:20 INFO        ENERGY ESTIMATION for aladdin_comparator(n_bits=7, global_cycle_seconds=1e-09, action_latency_cycles=1, cycle_seconds=1e-09, technology=45nm, n_instances=1).leak(global_cycle_seconds=1e-09, action_latency_cycles=1, cycle_seconds=1e-09, technology=45nm, n_instances=1)
2026-02-26 09:52:20 INFO        Library estimated 3.175754951697809e-05p with accuracy 90%. Messages:
2026-02-26 09:52:20 INFO        | Found 1 entries for aladdin_comparator.leak.
2026-02-26 09:52:20 INFO        | Checking entry "{'technology': '40nm', 'global_cycle_seconds': '1e-9', 'width|datawidth': '32', 'energy(pJ)': '2.51E-05', 'area(um^2)': '71', 'action': 'leak', 'name': 'aladdin_comparator', 'n_instances': 1}
2026-02-26 09:52:20 INFO        | value=2.51e-05, matching_attrs=2, log=['Scaling global_cycle_seconds from 1e-9 to 1e-09', 'Scaling technology from 40nm to 45nm', 'Scaled aladdin_comparator.global_cycle_seconds from 1e-09 to 1e-09: 1.0x leak', 'Scaled aladdin_comparator.technology from 40.0 to 45.0: 1.265241016612673x leak', 'aladdin_comparator leak has been scaled 1.265241016612673x']
2026-02-26 09:52:20 INFO        | Best-matching entry: {'technology': '40nm', 'global_cycle_seconds': '1e-9', 'width|datawidth': '32', 'energy(pJ)': '2.51E-05', 'area(um^2)': '71', 'action': 'leak', 'name': 'aladdin_comparator', 'n_instances': 1}
2026-02-26 09:52:20 INFO        | Scaling global_cycle_seconds from 1e-9 to 1e-09
2026-02-26 09:52:20 INFO        | Scaling technology from 40nm to 45nm
2026-02-26 09:52:20 INFO        | Scaled aladdin_comparator.global_cycle_seconds from 1e-09 to 1e-09: 1.0x leak
2026-02-26 09:52:20 INFO        | Scaled aladdin_comparator.technology from 40.0 to 45.0: 1.265241016612673x leak
2026-02-26 09:52:20 INFO        | aladdin_comparator leak has been scaled 1.265241016612673x
2026-02-26 09:52:20 INFO        | Multiplying by n_instances 1
2026-02-26 09:52:20 INFO        
2026-02-26 09:52:20 INFO        ENERGY ESTIMATION for intadder(n_bits=7, precision=7, width=7, global_cycle_seconds=1e-09, action_latency_cycles=1, cycle_seconds=1e-09, technology=45nm, n_instances=1).leak(global_cycle_seconds=1e-09, action_latency_cycles=1, cycle_seconds=1e-09, technology=45nm, n_instances=1)
2026-02-26 09:52:20 INFO        Aladdin_table estimated 0.000503125p with accuracy 70%. Messages:
2026-02-26 09:52:20 INFO        | Multiplying by n_instances 1
2026-02-26 09:52:20 INFO        
2026-02-26 09:52:20 INFO        ENERGY ESTIMATION for aladdin_register(global_cycle_seconds=1e-09, action_latency_cycles=1, cycle_seconds=1e-09, technology=45nm, n_instances=1).write(global_cycle_seconds=1e-09, action_latency_cycles=1, cycle_seconds=1e-09, technology=45nm, n_instances=1)
2026-02-26 09:52:20 INFO        Library estimated 0.0p with accuracy 90%. Messages:
2026-02-26 09:52:20 INFO        | Found 1 entries for aladdin_register.write.
2026-02-26 09:52:20 INFO        | Checking entry "{'technology': '40nm', 'global_cycle_seconds': '1e-9', 'width|datawidth': '1', 'dynamic energy(pJ)': '0', 'area(um^2)': '5.98E+00', 'action': 'write', 'name': 'aladdin_register', 'n_instances': 1}
2026-02-26 09:52:20 INFO        | value=0.0, matching_attrs=2, log=['Scaling global_cycle_seconds from 1e-9 to 1e-09', 'Scaling technology from 40nm to 45nm', 'Scaled aladdin_register.global_cycle_seconds from 1e-09 to 1e-09: 1x energy', 'Scaled aladdin_register.technology from 40.0 to 45.0: 1.265241016612673x energy', 'aladdin_register energy has been scaled 1.265241016612673x']
2026-02-26 09:52:20 INFO        | Best-matching entry: {'technology': '40nm', 'global_cycle_seconds': '1e-9', 'width|datawidth': '1', 'dynamic energy(pJ)': '0', 'area(um^2)': '5.98E+00', 'action': 'write', 'name': 'aladdin_register', 'n_instances': 1}
2026-02-26 09:52:20 INFO        | Scaling global_cycle_seconds from 1e-9 to 1e-09
2026-02-26 09:52:20 INFO        | Scaling technology from 40nm to 45nm
2026-02-26 09:52:20 INFO        | Scaled aladdin_register.global_cycle_seconds from 1e-09 to 1e-09: 1x energy
2026-02-26 09:52:20 INFO        | Scaled aladdin_register.technology from 40.0 to 45.0: 1.265241016612673x energy
2026-02-26 09:52:20 INFO        | aladdin_register energy has been scaled 1.265241016612673x
2026-02-26 09:52:20 INFO        
2026-02-26 09:52:20 INFO        ENERGY ESTIMATION for aladdin_comparator(n_bits=7, global_cycle_seconds=1e-09, action_latency_cycles=1, cycle_seconds=1e-09, technology=45nm, n_instances=1).compare(global_cycle_seconds=1e-09, action_latency_cycles=1, cycle_seconds=1e-09, technology=45nm, n_instances=1)
2026-02-26 09:52:20 INFO        Library estimated 0.037286652759575475p with accuracy 90%. Messages:
2026-02-26 09:52:20 INFO        | Found 1 entries for aladdin_comparator.compare.
2026-02-26 09:52:20 INFO        | Checking entry "{'technology': '40nm', 'global_cycle_seconds': '1e-9', 'width|datawidth': '32', 'energy(pJ)': '0.02947', 'area(um^2)': '71', 'action': 'compare', 'name': 'aladdin_comparator', 'n_instances': 1}
2026-02-26 09:52:20 INFO        | value=0.02947, matching_attrs=2, log=['Scaling global_cycle_seconds from 1e-9 to 1e-09', 'Scaling technology from 40nm to 45nm', 'Scaled aladdin_comparator.global_cycle_seconds from 1e-09 to 1e-09: 1x energy', 'Scaled aladdin_comparator.technology from 40.0 to 45.0: 1.265241016612673x energy', 'aladdin_comparator energy has been scaled 1.265241016612673x']
2026-02-26 09:52:20 INFO        | Best-matching entry: {'technology': '40nm', 'global_cycle_seconds': '1e-9', 'width|datawidth': '32', 'energy(pJ)': '0.02947', 'area(um^2)': '71', 'action': 'compare', 'name': 'aladdin_comparator', 'n_instances': 1}
2026-02-26 09:52:20 INFO        | Scaling global_cycle_seconds from 1e-9 to 1e-09
2026-02-26 09:52:20 INFO        | Scaling technology from 40nm to 45nm
2026-02-26 09:52:20 INFO        | Scaled aladdin_comparator.global_cycle_seconds from 1e-09 to 1e-09: 1x energy
2026-02-26 09:52:20 INFO        | Scaled aladdin_comparator.technology from 40.0 to 45.0: 1.265241016612673x energy
2026-02-26 09:52:20 INFO        | aladdin_comparator energy has been scaled 1.265241016612673x
2026-02-26 09:52:20 INFO        
2026-02-26 09:52:20 INFO        ENERGY ESTIMATION for intadder(n_bits=7, precision=7, width=7, global_cycle_seconds=1e-09, action_latency_cycles=1, cycle_seconds=1e-09, technology=45nm, n_instances=1).add(global_cycle_seconds=1e-09, action_latency_cycles=1, cycle_seconds=1e-09, technology=45nm, n_instances=1)
2026-02-26 09:52:20 INFO        Aladdin_table estimated 0.0459375p with accuracy 70%. 
2026-02-26 09:52:20 INFO        
2026-02-26 09:52:20 INFO        ENERGY ESTIMATION for aladdin_register(global_cycle_seconds=1e-09, action_latency_cycles=1, cycle_seconds=1e-09, technology=45nm, n_instances=1).write(global_cycle_seconds=1e-09, action_latency_cycles=1, cycle_seconds=1e-09, technology=45nm, n_instances=1)
2026-02-26 09:52:20 INFO        Library estimated 0.0p with accuracy 90%. Messages:
2026-02-26 09:52:20 INFO        | Found 1 entries for aladdin_register.write.
2026-02-26 09:52:20 INFO        | Checking entry "{'technology': '40nm', 'global_cycle_seconds': '1e-9', 'width|datawidth': '1', 'dynamic energy(pJ)': '0', 'area(um^2)': '5.98E+00', 'action': 'write', 'name': 'aladdin_register', 'n_instances': 1}
2026-02-26 09:52:20 INFO        | value=0.0, matching_attrs=2, log=['Scaling global_cycle_seconds from 1e-9 to 1e-09', 'Scaling technology from 40nm to 45nm', 'Scaled aladdin_register.global_cycle_seconds from 1e-09 to 1e-09: 1x energy', 'Scaled aladdin_register.technology from 40.0 to 45.0: 1.265241016612673x energy', 'aladdin_register energy has been scaled 1.265241016612673x']
2026-02-26 09:52:20 INFO        | Best-matching entry: {'technology': '40nm', 'global_cycle_seconds': '1e-9', 'width|datawidth': '1', 'dynamic energy(pJ)': '0', 'area(um^2)': '5.98E+00', 'action': 'write', 'name': 'aladdin_register', 'n_instances': 1}
2026-02-26 09:52:20 INFO        | Scaling global_cycle_seconds from 1e-9 to 1e-09
2026-02-26 09:52:20 INFO        | Scaling technology from 40nm to 45nm
2026-02-26 09:52:20 INFO        | Scaled aladdin_register.global_cycle_seconds from 1e-09 to 1e-09: 1x energy
2026-02-26 09:52:20 INFO        | Scaled aladdin_register.technology from 40.0 to 45.0: 1.265241016612673x energy
2026-02-26 09:52:20 INFO        | aladdin_register energy has been scaled 1.265241016612673x
2026-02-26 09:52:20 INFO        
2026-02-26 09:52:20 INFO        ENERGY ESTIMATION for aladdin_comparator(n_bits=6, global_cycle_seconds=1e-09, action_latency_cycles=1, cycle_seconds=1e-09, technology=45nm, n_instances=1).compare(global_cycle_seconds=1e-09, action_latency_cycles=1, cycle_seconds=1e-09, technology=45nm, n_instances=1)
2026-02-26 09:52:20 INFO        Library estimated 0.037286652759575475p with accuracy 90%. Messages:
2026-02-26 09:52:20 INFO        | Found 1 entries for aladdin_comparator.compare.
2026-02-26 09:52:20 INFO        | Checking entry "{'technology': '40nm', 'global_cycle_seconds': '1e-9', 'width|datawidth': '32', 'energy(pJ)': '0.02947', 'area(um^2)': '71', 'action': 'compare', 'name': 'aladdin_comparator', 'n_instances': 1}
2026-02-26 09:52:20 INFO        | value=0.02947, matching_attrs=2, log=['Scaling global_cycle_seconds from 1e-9 to 1e-09', 'Scaling technology from 40nm to 45nm', 'Scaled aladdin_comparator.global_cycle_seconds from 1e-09 to 1e-09: 1x energy', 'Scaled aladdin_comparator.technology from 40.0 to 45.0: 1.265241016612673x energy', 'aladdin_comparator energy has been scaled 1.265241016612673x']
2026-02-26 09:52:20 INFO        | Best-matching entry: {'technology': '40nm', 'global_cycle_seconds': '1e-9', 'width|datawidth': '32', 'energy(pJ)': '0.02947', 'area(um^2)': '71', 'action': 'compare', 'name': 'aladdin_comparator', 'n_instances': 1}
2026-02-26 09:52:20 INFO        | Scaling global_cycle_seconds from 1e-9 to 1e-09
2026-02-26 09:52:20 INFO        | Scaling technology from 40nm to 45nm
2026-02-26 09:52:20 INFO        | Scaled aladdin_comparator.global_cycle_seconds from 1e-09 to 1e-09: 1x energy
2026-02-26 09:52:20 INFO        | Scaled aladdin_comparator.technology from 40.0 to 45.0: 1.265241016612673x energy
2026-02-26 09:52:20 INFO        | aladdin_comparator energy has been scaled 1.265241016612673x
2026-02-26 09:52:20 INFO        
2026-02-26 09:52:20 INFO        ENERGY ESTIMATION for intadder(n_bits=1, precision=1, width=1, global_cycle_seconds=1e-09, action_latency_cycles=1, cycle_seconds=1e-09, technology=45nm, n_instances=1).add(global_cycle_seconds=1e-09, action_latency_cycles=1, cycle_seconds=1e-09, technology=45nm, n_instances=1)
2026-02-26 09:52:20 INFO        Aladdin_table estimated 0.0065625p with accuracy 70%. 
2026-02-26 09:52:20 INFO        
2026-02-26 09:52:20 INFO        ENERGY ESTIMATION for aladdin_register(global_cycle_seconds=1e-09, action_latency_cycles=1, cycle_seconds=1e-09, technology=45nm, n_instances=1).read(global_cycle_seconds=1e-09, action_latency_cycles=1, cycle_seconds=1e-09, technology=45nm, n_instances=1)
2026-02-26 09:52:20 INFO        Library estimated 0.011387169149514056p with accuracy 90%. Messages:
2026-02-26 09:52:20 INFO        | Found 1 entries for aladdin_register.read.
2026-02-26 09:52:20 INFO        | Checking entry "{'technology': '40nm', 'global_cycle_seconds': '1e-9', 'width|datawidth': '1', 'dynamic energy(pJ)': '0.009', 'area(um^2)': '5.98E+00', 'action': 'read', 'name': 'aladdin_register', 'n_instances': 1}
2026-02-26 09:52:20 INFO        | value=0.009, matching_attrs=2, log=['Scaling global_cycle_seconds from 1e-9 to 1e-09', 'Scaling technology from 40nm to 45nm', 'Scaled aladdin_register.global_cycle_seconds from 1e-09 to 1e-09: 1x energy', 'Scaled aladdin_register.technology from 40.0 to 45.0: 1.265241016612673x energy', 'aladdin_register energy has been scaled 1.265241016612673x']
2026-02-26 09:52:20 INFO        | Best-matching entry: {'technology': '40nm', 'global_cycle_seconds': '1e-9', 'width|datawidth': '1', 'dynamic energy(pJ)': '0.009', 'area(um^2)': '5.98E+00', 'action': 'read', 'name': 'aladdin_register', 'n_instances': 1}
2026-02-26 09:52:20 INFO        | Scaling global_cycle_seconds from 1e-9 to 1e-09
2026-02-26 09:52:20 INFO        | Scaling technology from 40nm to 45nm
2026-02-26 09:52:20 INFO        | Scaled aladdin_register.global_cycle_seconds from 1e-09 to 1e-09: 1x energy
2026-02-26 09:52:20 INFO        | Scaled aladdin_register.technology from 40.0 to 45.0: 1.265241016612673x energy
2026-02-26 09:52:20 INFO        | aladdin_register energy has been scaled 1.265241016612673x
2026-02-26 09:52:20 INFO        
2026-02-26 09:52:20 INFO        ENERGY ESTIMATION for aladdin_comparator(n_bits=6, global_cycle_seconds=1e-09, action_latency_cycles=1, cycle_seconds=1e-09, technology=45nm, n_instances=1).compare(global_cycle_seconds=1e-09, action_latency_cycles=1, cycle_seconds=1e-09, technology=45nm, n_instances=1)
2026-02-26 09:52:20 INFO        Library estimated 0.037286652759575475p with accuracy 90%. Messages:
2026-02-26 09:52:20 INFO        | Found 1 entries for aladdin_comparator.compare.
2026-02-26 09:52:20 INFO        | Checking entry "{'technology': '40nm', 'global_cycle_seconds': '1e-9', 'width|datawidth': '32', 'energy(pJ)': '0.02947', 'area(um^2)': '71', 'action': 'compare', 'name': 'aladdin_comparator', 'n_instances': 1}
2026-02-26 09:52:20 INFO        | value=0.02947, matching_attrs=2, log=['Scaling global_cycle_seconds from 1e-9 to 1e-09', 'Scaling technology from 40nm to 45nm', 'Scaled aladdin_comparator.global_cycle_seconds from 1e-09 to 1e-09: 1x energy', 'Scaled aladdin_comparator.technology from 40.0 to 45.0: 1.265241016612673x energy', 'aladdin_comparator energy has been scaled 1.265241016612673x']
2026-02-26 09:52:20 INFO        | Best-matching entry: {'technology': '40nm', 'global_cycle_seconds': '1e-9', 'width|datawidth': '32', 'energy(pJ)': '0.02947', 'area(um^2)': '71', 'action': 'compare', 'name': 'aladdin_comparator', 'n_instances': 1}
2026-02-26 09:52:20 INFO        | Scaling global_cycle_seconds from 1e-9 to 1e-09
2026-02-26 09:52:20 INFO        | Scaling technology from 40nm to 45nm
2026-02-26 09:52:20 INFO        | Scaled aladdin_comparator.global_cycle_seconds from 1e-09 to 1e-09: 1x energy
2026-02-26 09:52:20 INFO        | Scaled aladdin_comparator.technology from 40.0 to 45.0: 1.265241016612673x energy
2026-02-26 09:52:20 INFO        | aladdin_comparator energy has been scaled 1.265241016612673x
2026-02-26 09:52:20 INFO        
2026-02-26 09:52:20 INFO        ENERGY ESTIMATION for intadder(n_bits=1, precision=1, width=1, global_cycle_seconds=1e-09, action_latency_cycles=1, cycle_seconds=1e-09, technology=45nm, n_instances=1).add(global_cycle_seconds=1e-09, action_latency_cycles=1, cycle_seconds=1e-09, technology=45nm, n_instances=1)
2026-02-26 09:52:20 INFO        Aladdin_table estimated 0.0065625p with accuracy 70%. 
2026-02-26 09:52:20 INFO        
2026-02-26 09:52:20 INFO        ENERGY ESTIMATION for aladdin_register(global_cycle_seconds=1e-09, action_latency_cycles=1, cycle_seconds=1e-09, technology=45nm, n_instances=1).leak(global_cycle_seconds=1e-09, action_latency_cycles=1, cycle_seconds=1e-09, technology=45nm, n_instances=1)
2026-02-26 09:52:20 INFO        Library estimated 0.0p with accuracy 90%. Messages:
2026-02-26 09:52:20 INFO        | Found 1 entries for aladdin_register.leak.
2026-02-26 09:52:20 INFO        | Checking entry "{'technology': '40nm', 'global_cycle_seconds': '1e-9', 'width|datawidth': '1', 'dynamic energy(pJ)': '0', 'area(um^2)': '5.98E+00', 'action': 'leak', 'name': 'aladdin_register', 'n_instances': 1}
2026-02-26 09:52:20 INFO        | value=0.0, matching_attrs=2, log=['Scaling global_cycle_seconds from 1e-9 to 1e-09', 'Scaling technology from 40nm to 45nm', 'Scaled aladdin_register.global_cycle_seconds from 1e-09 to 1e-09: 1.0x leak', 'Scaled aladdin_register.technology from 40.0 to 45.0: 1.265241016612673x leak', 'aladdin_register leak has been scaled 1.265241016612673x']
2026-02-26 09:52:20 INFO        | Best-matching entry: {'technology': '40nm', 'global_cycle_seconds': '1e-9', 'width|datawidth': '1', 'dynamic energy(pJ)': '0', 'area(um^2)': '5.98E+00', 'action': 'leak', 'name': 'aladdin_register', 'n_instances': 1}
2026-02-26 09:52:20 INFO        | Scaling global_cycle_seconds from 1e-9 to 1e-09
2026-02-26 09:52:20 INFO        | Scaling technology from 40nm to 45nm
2026-02-26 09:52:20 INFO        | Scaled aladdin_register.global_cycle_seconds from 1e-09 to 1e-09: 1.0x leak
2026-02-26 09:52:20 INFO        | Scaled aladdin_register.technology from 40.0 to 45.0: 1.265241016612673x leak
2026-02-26 09:52:20 INFO        | aladdin_register leak has been scaled 1.265241016612673x
2026-02-26 09:52:20 INFO        | Multiplying by n_instances 1
2026-02-26 09:52:20 INFO        
2026-02-26 09:52:20 INFO        ENERGY ESTIMATION for aladdin_comparator(n_bits=6, global_cycle_seconds=1e-09, action_latency_cycles=1, cycle_seconds=1e-09, technology=45nm, n_instances=1).leak(global_cycle_seconds=1e-09, action_latency_cycles=1, cycle_seconds=1e-09, technology=45nm, n_instances=1)
2026-02-26 09:52:20 INFO        Library estimated 3.175754951697809e-05p with accuracy 90%. Messages:
2026-02-26 09:52:20 INFO        | Found 1 entries for aladdin_comparator.leak.
2026-02-26 09:52:20 INFO        | Checking entry "{'technology': '40nm', 'global_cycle_seconds': '1e-9', 'width|datawidth': '32', 'energy(pJ)': '2.51E-05', 'area(um^2)': '71', 'action': 'leak', 'name': 'aladdin_comparator', 'n_instances': 1}
2026-02-26 09:52:20 INFO        | value=2.51e-05, matching_attrs=2, log=['Scaling global_cycle_seconds from 1e-9 to 1e-09', 'Scaling technology from 40nm to 45nm', 'Scaled aladdin_comparator.global_cycle_seconds from 1e-09 to 1e-09: 1.0x leak', 'Scaled aladdin_comparator.technology from 40.0 to 45.0: 1.265241016612673x leak', 'aladdin_comparator leak has been scaled 1.265241016612673x']
2026-02-26 09:52:20 INFO        | Best-matching entry: {'technology': '40nm', 'global_cycle_seconds': '1e-9', 'width|datawidth': '32', 'energy(pJ)': '2.51E-05', 'area(um^2)': '71', 'action': 'leak', 'name': 'aladdin_comparator', 'n_instances': 1}
2026-02-26 09:52:20 INFO        | Scaling global_cycle_seconds from 1e-9 to 1e-09
2026-02-26 09:52:20 INFO        | Scaling technology from 40nm to 45nm
2026-02-26 09:52:20 INFO        | Scaled aladdin_comparator.global_cycle_seconds from 1e-09 to 1e-09: 1.0x leak
2026-02-26 09:52:20 INFO        | Scaled aladdin_comparator.technology from 40.0 to 45.0: 1.265241016612673x leak
2026-02-26 09:52:20 INFO        | aladdin_comparator leak has been scaled 1.265241016612673x
2026-02-26 09:52:20 INFO        | Multiplying by n_instances 1
2026-02-26 09:52:20 INFO        
2026-02-26 09:52:20 INFO        ENERGY ESTIMATION for intadder(n_bits=1, precision=1, width=1, global_cycle_seconds=1e-09, action_latency_cycles=1, cycle_seconds=1e-09, technology=45nm, n_instances=1).leak(global_cycle_seconds=1e-09, action_latency_cycles=1, cycle_seconds=1e-09, technology=45nm, n_instances=1)
2026-02-26 09:52:20 INFO        Aladdin_table estimated 7.1875e-05p with accuracy 70%. Messages:
2026-02-26 09:52:20 INFO        | Multiplying by n_instances 1
2026-02-26 09:52:20 INFO        
2026-02-26 09:52:20 INFO        ENERGY ESTIMATION for aladdin_register(global_cycle_seconds=1e-09, action_latency_cycles=1, cycle_seconds=1e-09, technology=45nm, n_instances=1).write(global_cycle_seconds=1e-09, action_latency_cycles=1, cycle_seconds=1e-09, technology=45nm, n_instances=1)
2026-02-26 09:52:20 INFO        Library estimated 0.0p with accuracy 90%. Messages:
2026-02-26 09:52:20 INFO        | Found 1 entries for aladdin_register.write.
2026-02-26 09:52:20 INFO        | Checking entry "{'technology': '40nm', 'global_cycle_seconds': '1e-9', 'width|datawidth': '1', 'dynamic energy(pJ)': '0', 'area(um^2)': '5.98E+00', 'action': 'write', 'name': 'aladdin_register', 'n_instances': 1}
2026-02-26 09:52:20 INFO        | value=0.0, matching_attrs=2, log=['Scaling global_cycle_seconds from 1e-9 to 1e-09', 'Scaling technology from 40nm to 45nm', 'Scaled aladdin_register.global_cycle_seconds from 1e-09 to 1e-09: 1x energy', 'Scaled aladdin_register.technology from 40.0 to 45.0: 1.265241016612673x energy', 'aladdin_register energy has been scaled 1.265241016612673x']
2026-02-26 09:52:20 INFO        | Best-matching entry: {'technology': '40nm', 'global_cycle_seconds': '1e-9', 'width|datawidth': '1', 'dynamic energy(pJ)': '0', 'area(um^2)': '5.98E+00', 'action': 'write', 'name': 'aladdin_register', 'n_instances': 1}
2026-02-26 09:52:20 INFO        | Scaling global_cycle_seconds from 1e-9 to 1e-09
2026-02-26 09:52:20 INFO        | Scaling technology from 40nm to 45nm
2026-02-26 09:52:20 INFO        | Scaled aladdin_register.global_cycle_seconds from 1e-09 to 1e-09: 1x energy
2026-02-26 09:52:20 INFO        | Scaled aladdin_register.technology from 40.0 to 45.0: 1.265241016612673x energy
2026-02-26 09:52:20 INFO        | aladdin_register energy has been scaled 1.265241016612673x
2026-02-26 09:52:20 INFO        
2026-02-26 09:52:20 INFO        ENERGY ESTIMATION for aladdin_comparator(n_bits=6, global_cycle_seconds=1e-09, action_latency_cycles=1, cycle_seconds=1e-09, technology=45nm, n_instances=1).compare(global_cycle_seconds=1e-09, action_latency_cycles=1, cycle_seconds=1e-09, technology=45nm, n_instances=1)
2026-02-26 09:52:20 INFO        Library estimated 0.037286652759575475p with accuracy 90%. Messages:
2026-02-26 09:52:20 INFO        | Found 1 entries for aladdin_comparator.compare.
2026-02-26 09:52:20 INFO        | Checking entry "{'technology': '40nm', 'global_cycle_seconds': '1e-9', 'width|datawidth': '32', 'energy(pJ)': '0.02947', 'area(um^2)': '71', 'action': 'compare', 'name': 'aladdin_comparator', 'n_instances': 1}
2026-02-26 09:52:20 INFO        | value=0.02947, matching_attrs=2, log=['Scaling global_cycle_seconds from 1e-9 to 1e-09', 'Scaling technology from 40nm to 45nm', 'Scaled aladdin_comparator.global_cycle_seconds from 1e-09 to 1e-09: 1x energy', 'Scaled aladdin_comparator.technology from 40.0 to 45.0: 1.265241016612673x energy', 'aladdin_comparator energy has been scaled 1.265241016612673x']
2026-02-26 09:52:20 INFO        | Best-matching entry: {'technology': '40nm', 'global_cycle_seconds': '1e-9', 'width|datawidth': '32', 'energy(pJ)': '0.02947', 'area(um^2)': '71', 'action': 'compare', 'name': 'aladdin_comparator', 'n_instances': 1}
2026-02-26 09:52:20 INFO        | Scaling global_cycle_seconds from 1e-9 to 1e-09
2026-02-26 09:52:20 INFO        | Scaling technology from 40nm to 45nm
2026-02-26 09:52:20 INFO        | Scaled aladdin_comparator.global_cycle_seconds from 1e-09 to 1e-09: 1x energy
2026-02-26 09:52:20 INFO        | Scaled aladdin_comparator.technology from 40.0 to 45.0: 1.265241016612673x energy
2026-02-26 09:52:20 INFO        | aladdin_comparator energy has been scaled 1.265241016612673x
2026-02-26 09:52:20 INFO        
2026-02-26 09:52:20 INFO        ENERGY ESTIMATION for intadder(n_bits=1, precision=1, width=1, global_cycle_seconds=1e-09, action_latency_cycles=1, cycle_seconds=1e-09, technology=45nm, n_instances=1).add(global_cycle_seconds=1e-09, action_latency_cycles=1, cycle_seconds=1e-09, technology=45nm, n_instances=1)
2026-02-26 09:52:20 INFO        Aladdin_table estimated 0.0065625p with accuracy 70%. 
2026-02-26 09:52:20 INFO        
2026-02-26 09:52:20 INFO        ENERGY ESTIMATION for aladdin_adder(width=16, global_cycle_seconds=1e-09, action_latency_cycles=1, cycle_seconds=1e-09, technology=45nm, n_instances=1).read(global_cycle_seconds=1e-09, action_latency_cycles=1, cycle_seconds=1e-09, technology=45nm, n_instances=1)
2026-02-26 09:52:20 INFO        Library estimated 0.13285030674433068p with accuracy 90%. Messages:
2026-02-26 09:52:20 INFO        | Found 1 entries for aladdin_adder.read.
2026-02-26 09:52:20 INFO        | Checking entry "{'technology': '40nm', 'global_cycle_seconds': '1e-9', 'width|datawidth': '32', 'energy': '0.21', 'area': '2.78E+02', 'action': 'read', 'name': 'aladdin_adder', 'n_instances': 1}
2026-02-26 09:52:20 INFO        | value=0.21, matching_attrs=2, log=['Scaling width from 32 to 16', 'Scaling global_cycle_seconds from 1e-9 to 1e-09', 'Scaling technology from 40nm to 45nm', 'Scaled aladdin_adder.width from 32.0 to 16.0: 0.5x energy', 'Scaled aladdin_adder.global_cycle_seconds from 1e-09 to 1e-09: 1x energy', 'Scaled aladdin_adder.technology from 40.0 to 45.0: 1.265241016612673x energy', 'aladdin_adder energy has been scaled 0.6326205083063365x']
2026-02-26 09:52:20 INFO        | Best-matching entry: {'technology': '40nm', 'global_cycle_seconds': '1e-9', 'width|datawidth': '32', 'energy': '0.21', 'area': '2.78E+02', 'action': 'read', 'name': 'aladdin_adder', 'n_instances': 1}
2026-02-26 09:52:20 INFO        | Scaling width from 32 to 16
2026-02-26 09:52:20 INFO        | Scaling global_cycle_seconds from 1e-9 to 1e-09
2026-02-26 09:52:20 INFO        | Scaling technology from 40nm to 45nm
2026-02-26 09:52:20 INFO        | Scaled aladdin_adder.width from 32.0 to 16.0: 0.5x energy
2026-02-26 09:52:20 INFO        | Scaled aladdin_adder.global_cycle_seconds from 1e-09 to 1e-09: 1x energy
2026-02-26 09:52:20 INFO        | Scaled aladdin_adder.technology from 40.0 to 45.0: 1.265241016612673x energy
2026-02-26 09:52:20 INFO        | aladdin_adder energy has been scaled 0.6326205083063365x
2026-02-26 09:52:20 INFO        
2026-02-26 09:52:20 INFO        ENERGY ESTIMATION for aladdin_multiplier(width_a=8, width_b=8, global_cycle_seconds=1e-09, action_latency_cycles=1, cycle_seconds=1e-09, technology=45nm, n_instances=1).read(global_cycle_seconds=1e-09, action_latency_cycles=1, cycle_seconds=1e-09, technology=45nm, n_instances=1)
2026-02-26 09:52:20 INFO        Library estimated 1.0027035056655433p with accuracy 90%. Messages:
2026-02-26 09:52:20 INFO        | Found 1 entries for aladdin_multiplier.read.
2026-02-26 09:52:20 INFO        | Checking entry "{'technology': '40nm', 'global_cycle_seconds': '1e-9', 'width|datawidth': '32', 'width_a|datawidth_a': '32', 'width_b|datawidth_b': '32', 'energy(pJ)': '12.68', 'area(um^2)': '6350', 'action': 'read', 'name': 'aladdin_multiplier', 'n_instances': 1}
2026-02-26 09:52:20 INFO        | value=12.68, matching_attrs=2, log=['Scaling width_a from 32 to 8', 'Scaling width_b from 32 to 8', 'Scaling global_cycle_seconds from 1e-9 to 1e-09', 'Scaling technology from 40nm to 45nm', 'Scaled aladdin_multiplier.width_a from 32.0 to 8.0: 0.25x energy', 'Scaled aladdin_multiplier.width_b from 32.0 to 8.0: 0.25x energy', 'Scaled aladdin_multiplier.global_cycle_seconds from 1e-09 to 1e-09: 1x energy', 'Scaled aladdin_multiplier.technology from 40.0 to 45.0: 1.265241016612673x energy', 'aladdin_multiplier energy has been scaled 0.07907756353829207x']
2026-02-26 09:52:20 INFO        | Best-matching entry: {'technology': '40nm', 'global_cycle_seconds': '1e-9', 'width|datawidth': '32', 'width_a|datawidth_a': '32', 'width_b|datawidth_b': '32', 'energy(pJ)': '12.68', 'area(um^2)': '6350', 'action': 'read', 'name': 'aladdin_multiplier', 'n_instances': 1}
2026-02-26 09:52:20 INFO        | Scaling width_a from 32 to 8
2026-02-26 09:52:20 INFO        | Scaling width_b from 32 to 8
2026-02-26 09:52:20 INFO        | Scaling global_cycle_seconds from 1e-9 to 1e-09
2026-02-26 09:52:20 INFO        | Scaling technology from 40nm to 45nm
2026-02-26 09:52:20 INFO        | Scaled aladdin_multiplier.width_a from 32.0 to 8.0: 0.25x energy
2026-02-26 09:52:20 INFO        | Scaled aladdin_multiplier.width_b from 32.0 to 8.0: 0.25x energy
2026-02-26 09:52:20 INFO        | Scaled aladdin_multiplier.global_cycle_seconds from 1e-09 to 1e-09: 1x energy
2026-02-26 09:52:20 INFO        | Scaled aladdin_multiplier.technology from 40.0 to 45.0: 1.265241016612673x energy
2026-02-26 09:52:20 INFO        | aladdin_multiplier energy has been scaled 0.07907756353829207x
2026-02-26 09:52:20 INFO        
2026-02-26 09:52:20 INFO        ENERGY ESTIMATION for aladdin_adder(width=16, global_cycle_seconds=1e-09, action_latency_cycles=1, cycle_seconds=1e-09, technology=45nm, n_instances=1).leak(global_cycle_seconds=1e-09, action_latency_cycles=1, cycle_seconds=1e-09, technology=45nm, n_instances=1)
2026-02-26 09:52:20 INFO        Library estimated 0.0015182892199352076p with accuracy 90%. Messages:
2026-02-26 09:52:20 INFO        | Found 1 entries for aladdin_adder.leak.
2026-02-26 09:52:20 INFO        | Checking entry "{'technology': '40nm', 'global_cycle_seconds': '1e-9', 'width|datawidth': '32', 'energy': '0.0024', 'area': '2.78E+02', 'action': 'leak', 'name': 'aladdin_adder', 'n_instances': 1}
2026-02-26 09:52:20 INFO        | value=0.0024, matching_attrs=2, log=['Scaling width from 32 to 16', 'Scaling global_cycle_seconds from 1e-9 to 1e-09', 'Scaling technology from 40nm to 45nm', 'Scaled aladdin_adder.width from 32.0 to 16.0: 0.5x leak', 'Scaled aladdin_adder.global_cycle_seconds from 1e-09 to 1e-09: 1.0x leak', 'Scaled aladdin_adder.technology from 40.0 to 45.0: 1.265241016612673x leak', 'aladdin_adder leak has been scaled 0.6326205083063365x']
2026-02-26 09:52:20 INFO        | Best-matching entry: {'technology': '40nm', 'global_cycle_seconds': '1e-9', 'width|datawidth': '32', 'energy': '0.0024', 'area': '2.78E+02', 'action': 'leak', 'name': 'aladdin_adder', 'n_instances': 1}
2026-02-26 09:52:20 INFO        | Scaling width from 32 to 16
2026-02-26 09:52:20 INFO        | Scaling global_cycle_seconds from 1e-9 to 1e-09
2026-02-26 09:52:20 INFO        | Scaling technology from 40nm to 45nm
2026-02-26 09:52:20 INFO        | Scaled aladdin_adder.width from 32.0 to 16.0: 0.5x leak
2026-02-26 09:52:20 INFO        | Scaled aladdin_adder.global_cycle_seconds from 1e-09 to 1e-09: 1.0x leak
2026-02-26 09:52:20 INFO        | Scaled aladdin_adder.technology from 40.0 to 45.0: 1.265241016612673x leak
2026-02-26 09:52:20 INFO        | aladdin_adder leak has been scaled 0.6326205083063365x
2026-02-26 09:52:20 INFO        | Multiplying by n_instances 1
2026-02-26 09:52:20 INFO        
2026-02-26 09:52:20 INFO        ENERGY ESTIMATION for aladdin_multiplier(width_a=8, width_b=8, global_cycle_seconds=1e-09, action_latency_cycles=1, cycle_seconds=1e-09, technology=45nm, n_instances=1).leak(global_cycle_seconds=1e-09, action_latency_cycles=1, cycle_seconds=1e-09, technology=45nm, n_instances=1)
2026-02-26 09:52:20 INFO        Library estimated 0.006326205083063366p with accuracy 90%. Messages:
2026-02-26 09:52:20 INFO        | Found 1 entries for aladdin_multiplier.leak.
2026-02-26 09:52:20 INFO        | Checking entry "{'technology': '40nm', 'global_cycle_seconds': '1e-9', 'width|datawidth': '32', 'width_a|datawidth_a': '32', 'width_b|datawidth_b': '32', 'energy(pJ)': '0.08', 'area(um^2)': '6350', 'action': 'leak', 'name': 'aladdin_multiplier', 'n_instances': 1}
2026-02-26 09:52:20 INFO        | value=0.08, matching_attrs=2, log=['Scaling width_a from 32 to 8', 'Scaling width_b from 32 to 8', 'Scaling global_cycle_seconds from 1e-9 to 1e-09', 'Scaling technology from 40nm to 45nm', 'Scaled aladdin_multiplier.width_a from 32.0 to 8.0: 0.25x leak', 'Scaled aladdin_multiplier.width_b from 32.0 to 8.0: 0.25x leak', 'Scaled aladdin_multiplier.global_cycle_seconds from 1e-09 to 1e-09: 1.0x leak', 'Scaled aladdin_multiplier.technology from 40.0 to 45.0: 1.265241016612673x leak', 'aladdin_multiplier leak has been scaled 0.07907756353829207x']
2026-02-26 09:52:20 INFO        | Best-matching entry: {'technology': '40nm', 'global_cycle_seconds': '1e-9', 'width|datawidth': '32', 'width_a|datawidth_a': '32', 'width_b|datawidth_b': '32', 'energy(pJ)': '0.08', 'area(um^2)': '6350', 'action': 'leak', 'name': 'aladdin_multiplier', 'n_instances': 1}
2026-02-26 09:52:20 INFO        | Scaling width_a from 32 to 8
2026-02-26 09:52:20 INFO        | Scaling width_b from 32 to 8
2026-02-26 09:52:20 INFO        | Scaling global_cycle_seconds from 1e-9 to 1e-09
2026-02-26 09:52:20 INFO        | Scaling technology from 40nm to 45nm
2026-02-26 09:52:20 INFO        | Scaled aladdin_multiplier.width_a from 32.0 to 8.0: 0.25x leak
2026-02-26 09:52:20 INFO        | Scaled aladdin_multiplier.width_b from 32.0 to 8.0: 0.25x leak
2026-02-26 09:52:20 INFO        | Scaled aladdin_multiplier.global_cycle_seconds from 1e-09 to 1e-09: 1.0x leak
2026-02-26 09:52:20 INFO        | Scaled aladdin_multiplier.technology from 40.0 to 45.0: 1.265241016612673x leak
2026-02-26 09:52:20 INFO        | aladdin_multiplier leak has been scaled 0.07907756353829207x
2026-02-26 09:52:20 INFO        | Multiplying by n_instances 1
2026-02-26 09:52:20 WARNING     No action counts are specified as yaml input
2026-02-26 09:52:20 INFO        
2026-02-26 09:52:20 INFO        AREA ESTIMATION for DRAM(type=LPDDR4, width=64, datawidth=8, has_power_gating=False, n_banks=2, cluster_size=1, reduction_supported=True, multiple_buffering=1, min_utilization=0, allow_overbooking=False, meshX=1, meshY=1, technology=45nm, version=0.4, global_cycle_seconds=1e-09, action_latency_cycles=1, cycle_seconds=1e-09, n_instances=1)
2026-02-26 09:52:20 INFO        CactiDRAM estimated 0 with accuracy 80%. Messages:
2026-02-26 09:52:20 INFO        | Unused arguments (datawidth, has_power_gating, n_banks, cluster_size, reduction_supported, multiple_buffering, min_utilization, allow_overbooking, meshX, meshY, technology, version, global_cycle_seconds, action_latency_cycles, cycle_seconds, n_instances) provided for ['DRAM', 'dram'].__init__. Arguments used: (type, width)
2026-02-26 09:52:20 INFO        | Multiplying by n_instances 1
2026-02-26 09:52:20 INFO        
2026-02-26 09:52:20 INFO        AREA ESTIMATION for dummy_storage(width=1, depth=1, datawidth=1, technology=-1, has_power_gating=False, n_banks=2, cluster_size=1, reduction_supported=True, multiple_buffering=1, min_utilization=0, allow_overbooking=False, meshX=1, meshY=1, version=0.4, global_cycle_seconds=1e-09, action_latency_cycles=1, cycle_seconds=1e-09, n_instances=1)
2026-02-26 09:52:20 INFO        dummy estimated 1u^2 with accuracy 100%. Messages:
2026-02-26 09:52:20 INFO        | Multiplying by n_instances 1
2026-02-26 09:52:20 INFO        
2026-02-26 09:52:20 INFO        AREA ESTIMATION for dummy_storage(width=1, depth=1, datawidth=1, technology=-1, has_power_gating=False, n_banks=2, cluster_size=1, reduction_supported=True, multiple_buffering=1, min_utilization=0, allow_overbooking=False, meshX=16, meshY=1, version=0.4, global_cycle_seconds=1e-09, action_latency_cycles=1, cycle_seconds=1e-09, n_instances=1)
2026-02-26 09:52:20 INFO        dummy estimated 1u^2 with accuracy 100%. Messages:
2026-02-26 09:52:20 INFO        | Multiplying by n_instances 1
2026-02-26 09:52:20 INFO        
2026-02-26 09:52:20 INFO        AREA ESTIMATION for dummy_storage(width=1, depth=1, datawidth=1, technology=-1, has_power_gating=False, n_banks=2, cluster_size=1, reduction_supported=True, multiple_buffering=1, min_utilization=0, allow_overbooking=False, meshX=16, meshY=8, version=0.4, global_cycle_seconds=1e-09, action_latency_cycles=1, cycle_seconds=1e-09, n_instances=1)
2026-02-26 09:52:20 INFO        dummy estimated 1u^2 with accuracy 100%. Messages:
2026-02-26 09:52:20 INFO        | Multiplying by n_instances 1
2026-02-26 09:52:20 INFO        
2026-02-26 09:52:20 INFO        AREA ESTIMATION for SRAM(width=256, depth=2048, n_rw_ports=1, technology=45nm, global_cycle_seconds=1e-09, action_latency_cycles=1, cycle_seconds=1e-09, n_instances=1)
2026-02-26 09:52:20 INFO        CactiSRAM estimated 1.98942e-07 with accuracy 80%. Messages:
2026-02-26 09:52:20 INFO        | Unused arguments (global_cycle_seconds, action_latency_cycles, cycle_seconds, n_instances) provided for ['SRAM', 'sram'].__init__. Arguments used: (width, depth, n_rw_ports, technology)
2026-02-26 09:52:20 INFO        | Calling CACTI with cache_size=65536 n_rw_ports=1 block_size=32 tech_node_um=0.045 n_banks=1 tag_size=0 associativity=1
2026-02-26 09:52:20 INFO        | Calling CACTI with input path /usr/local/share/accelergy/estimation_plug_ins/accelergy-cacti-plug-in/cacti_inputs_outputs/tmp1v4dja2s
2026-02-26 09:52:20 INFO        | CACTI output will be written to /usr/local/share/accelergy/estimation_plug_ins/accelergy-cacti-plug-in/cacti_inputs_outputs/tmpkyp54m22
2026-02-26 09:52:20 INFO        | CACTI executable not found at /usr/local/share/accelergy/estimation_plug_ins/accelergy-cacti-plug-in/cacti/cacti
2026-02-26 09:52:20 INFO        | Calling: cd /usr/local/share/accelergy/estimation_plug_ins/accelergy-cacti-plug-in ; ./cacti -infile /usr/local/share/accelergy/estimation_plug_ins/accelergy-cacti-plug-in/cacti_inputs_outputs/tmp1v4dja2s >> /usr/local/share/accelergy/estimation_plug_ins/accelergy-cacti-plug-in/cacti_inputs_outputs/tmpkyp54m22 2>&1
2026-02-26 09:52:20 INFO        | Cache bandwidth: 32.0 bytes/cycle
2026-02-26 09:52:20 INFO        | Cache bandwidth: 135224361513.87897 bits/second
2026-02-26 09:52:20 INFO        | Multiplying by n_instances 1
2026-02-26 09:52:20 INFO        
2026-02-26 09:52:20 INFO        AREA ESTIMATION for intadder(n_bits=11, precision=11, width=11, global_cycle_seconds=1e-09, action_latency_cycles=1, cycle_seconds=1e-09, technology=45nm, n_instances=1)
2026-02-26 09:52:20 INFO        Aladdin_table estimated 95.5625u^2 with accuracy 70%. Messages:
2026-02-26 09:52:20 INFO        | Multiplying by n_instances 1
2026-02-26 09:52:20 INFO        
2026-02-26 09:52:20 INFO        AREA ESTIMATION for aladdin_register(global_cycle_seconds=1e-09, action_latency_cycles=1, cycle_seconds=1e-09, technology=45nm, n_instances=1)
2026-02-26 09:52:20 INFO        Library estimated 10.396u^2 with accuracy 90%. Messages:
2026-02-26 09:52:20 INFO        | Found 4 entries for aladdin_register.
2026-02-26 09:52:20 INFO        | Checking entry "{'technology': '40nm', 'global_cycle_seconds': '1e-9', 'width|datawidth': '1', 'dynamic energy(pJ)': '0.009', 'area(um^2)': '5.98E+00', 'action': 'read', 'name': 'aladdin_register', 'n_instances': 1}
2026-02-26 09:52:20 INFO        | value=5.98, matching_attrs=2, log=['Scaling global_cycle_seconds from 1e-9 to 1e-09', 'Scaling technology from 40nm to 45nm', 'Scaled aladdin_register.global_cycle_seconds from 1e-09 to 1e-09: 1x area', 'Scaled aladdin_register.technology from 40.0 to 45.0: 1.7384615384615385x area', 'aladdin_register area has been scaled 1.7384615384615385x']
2026-02-26 09:52:20 INFO        | Checking entry "{'technology': '40nm', 'global_cycle_seconds': '1e-9', 'width|datawidth': '1', 'dynamic energy(pJ)': '0', 'area(um^2)': '5.98E+00', 'action': 'write', 'name': 'aladdin_register', 'n_instances': 1}
2026-02-26 09:52:20 INFO        | value=5.98, matching_attrs=2, log=['Scaling global_cycle_seconds from 1e-9 to 1e-09', 'Scaling technology from 40nm to 45nm', 'Scaled aladdin_register.global_cycle_seconds from 1e-09 to 1e-09: 1x area', 'Scaled aladdin_register.technology from 40.0 to 45.0: 1.7384615384615385x area', 'aladdin_register area has been scaled 1.7384615384615385x']
2026-02-26 09:52:20 INFO        | Checking entry "{'technology': '40nm', 'global_cycle_seconds': '1e-9', 'width|datawidth': '1', 'dynamic energy(pJ)': '0', 'area(um^2)': '5.98E+00', 'action': 'leak', 'name': 'aladdin_register', 'n_instances': 1}
2026-02-26 09:52:20 INFO        | value=5.98, matching_attrs=2, log=['Scaling global_cycle_seconds from 1e-9 to 1e-09', 'Scaling technology from 40nm to 45nm', 'Scaled aladdin_register.global_cycle_seconds from 1e-09 to 1e-09: 1x area', 'Scaled aladdin_register.technology from 40.0 to 45.0: 1.7384615384615385x area', 'aladdin_register area has been scaled 1.7384615384615385x']
2026-02-26 09:52:20 INFO        | Checking entry "{'technology': '40nm', 'global_cycle_seconds': '1e-9', 'width|datawidth': '1', 'dynamic energy(pJ)': '0', 'area(um^2)': '5.98E+00', 'action': 'update', 'name': 'aladdin_register', 'n_instances': 1}
2026-02-26 09:52:20 INFO        | value=5.98, matching_attrs=2, log=['Scaling global_cycle_seconds from 1e-9 to 1e-09', 'Scaling technology from 40nm to 45nm', 'Scaled aladdin_register.global_cycle_seconds from 1e-09 to 1e-09: 1x area', 'Scaled aladdin_register.technology from 40.0 to 45.0: 1.7384615384615385x area', 'aladdin_register area has been scaled 1.7384615384615385x']
2026-02-26 09:52:20 INFO        | Best-matching entry: {'technology': '40nm', 'global_cycle_seconds': '1e-9', 'width|datawidth': '1', 'dynamic energy(pJ)': '0.009', 'area(um^2)': '5.98E+00', 'action': 'read', 'name': 'aladdin_register', 'n_instances': 1}
2026-02-26 09:52:20 INFO        | Scaling global_cycle_seconds from 1e-9 to 1e-09
2026-02-26 09:52:20 INFO        | Scaling technology from 40nm to 45nm
2026-02-26 09:52:20 INFO        | Scaled aladdin_register.global_cycle_seconds from 1e-09 to 1e-09: 1x area
2026-02-26 09:52:20 INFO        | Scaled aladdin_register.technology from 40.0 to 45.0: 1.7384615384615385x area
2026-02-26 09:52:20 INFO        | aladdin_register area has been scaled 1.7384615384615385x
2026-02-26 09:52:20 INFO        | Multiplying by n_instances 1
2026-02-26 09:52:20 INFO        
2026-02-26 09:52:20 INFO        AREA ESTIMATION for aladdin_comparator(n_bits=13, global_cycle_seconds=1e-09, action_latency_cycles=1, cycle_seconds=1e-09, technology=45nm, n_instances=1)
2026-02-26 09:52:20 INFO        Library estimated 123.43076923076923u^2 with accuracy 90%. Messages:
2026-02-26 09:52:20 INFO        | Found 5 entries for aladdin_comparator.
2026-02-26 09:52:20 INFO        | Checking entry "{'technology': '40nm', 'global_cycle_seconds': '1e-9', 'width|datawidth': '32', 'energy(pJ)': '0.02947', 'area(um^2)': '71', 'action': 'compare', 'name': 'aladdin_comparator', 'n_instances': 1}
2026-02-26 09:52:20 INFO        | value=71.0, matching_attrs=2, log=['Scaling global_cycle_seconds from 1e-9 to 1e-09', 'Scaling technology from 40nm to 45nm', 'Scaled aladdin_comparator.global_cycle_seconds from 1e-09 to 1e-09: 1x area', 'Scaled aladdin_comparator.technology from 40.0 to 45.0: 1.7384615384615385x area', 'aladdin_comparator area has been scaled 1.7384615384615385x']
2026-02-26 09:52:20 INFO        | Checking entry "{'technology': '40nm', 'global_cycle_seconds': '1e-9', 'width|datawidth': '32', 'energy(pJ)': '0.02947', 'area(um^2)': '71', 'action': 'read', 'name': 'aladdin_comparator', 'n_instances': 1}
2026-02-26 09:52:20 INFO        | value=71.0, matching_attrs=2, log=['Scaling global_cycle_seconds from 1e-9 to 1e-09', 'Scaling technology from 40nm to 45nm', 'Scaled aladdin_comparator.global_cycle_seconds from 1e-09 to 1e-09: 1x area', 'Scaled aladdin_comparator.technology from 40.0 to 45.0: 1.7384615384615385x area', 'aladdin_comparator area has been scaled 1.7384615384615385x']
2026-02-26 09:52:20 INFO        | Checking entry "{'technology': '40nm', 'global_cycle_seconds': '1e-9', 'width|datawidth': '32', 'energy(pJ)': '2.51E-05', 'area(um^2)': '71', 'action': 'leak', 'name': 'aladdin_comparator', 'n_instances': 1}
2026-02-26 09:52:20 INFO        | value=71.0, matching_attrs=2, log=['Scaling global_cycle_seconds from 1e-9 to 1e-09', 'Scaling technology from 40nm to 45nm', 'Scaled aladdin_comparator.global_cycle_seconds from 1e-09 to 1e-09: 1x area', 'Scaled aladdin_comparator.technology from 40.0 to 45.0: 1.7384615384615385x area', 'aladdin_comparator area has been scaled 1.7384615384615385x']
2026-02-26 09:52:20 INFO        | Checking entry "{'technology': '40nm', 'global_cycle_seconds': '1e-9', 'width|datawidth': '32', 'energy(pJ)': '0', 'area(um^2)': '71', 'action': 'update', 'name': 'aladdin_comparator', 'n_instances': 1}
2026-02-26 09:52:20 INFO        | value=71.0, matching_attrs=2, log=['Scaling global_cycle_seconds from 1e-9 to 1e-09', 'Scaling technology from 40nm to 45nm', 'Scaled aladdin_comparator.global_cycle_seconds from 1e-09 to 1e-09: 1x area', 'Scaled aladdin_comparator.technology from 40.0 to 45.0: 1.7384615384615385x area', 'aladdin_comparator area has been scaled 1.7384615384615385x']
2026-02-26 09:52:20 INFO        | Checking entry "{'technology': '40nm', 'global_cycle_seconds': '1e-9', 'width|datawidth': '32', 'energy(pJ)': '0', 'area(um^2)': '71', 'action': 'write', 'name': 'aladdin_comparator', 'n_instances': 1}
2026-02-26 09:52:20 INFO        | value=71.0, matching_attrs=2, log=['Scaling global_cycle_seconds from 1e-9 to 1e-09', 'Scaling technology from 40nm to 45nm', 'Scaled aladdin_comparator.global_cycle_seconds from 1e-09 to 1e-09: 1x area', 'Scaled aladdin_comparator.technology from 40.0 to 45.0: 1.7384615384615385x area', 'aladdin_comparator area has been scaled 1.7384615384615385x']
2026-02-26 09:52:20 INFO        | Best-matching entry: {'technology': '40nm', 'global_cycle_seconds': '1e-9', 'width|datawidth': '32', 'energy(pJ)': '0.02947', 'area(um^2)': '71', 'action': 'compare', 'name': 'aladdin_comparator', 'n_instances': 1}
2026-02-26 09:52:20 INFO        | Scaling global_cycle_seconds from 1e-9 to 1e-09
2026-02-26 09:52:20 INFO        | Scaling technology from 40nm to 45nm
2026-02-26 09:52:20 INFO        | Scaled aladdin_comparator.global_cycle_seconds from 1e-09 to 1e-09: 1x area
2026-02-26 09:52:20 INFO        | Scaled aladdin_comparator.technology from 40.0 to 45.0: 1.7384615384615385x area
2026-02-26 09:52:20 INFO        | aladdin_comparator area has been scaled 1.7384615384615385x
2026-02-26 09:52:20 INFO        | Multiplying by n_instances 1
2026-02-26 09:52:20 INFO        
2026-02-26 09:52:20 INFO        AREA ESTIMATION for intadder(n_bits=13, precision=13, width=13, global_cycle_seconds=1e-09, action_latency_cycles=1, cycle_seconds=1e-09, technology=45nm, n_instances=1)
2026-02-26 09:52:20 INFO        Aladdin_table estimated 112.9375u^2 with accuracy 70%. Messages:
2026-02-26 09:52:20 INFO        | Multiplying by n_instances 1
2026-02-26 09:52:20 INFO        
2026-02-26 09:52:20 INFO        AREA ESTIMATION for aladdin_register(global_cycle_seconds=1e-09, action_latency_cycles=1, cycle_seconds=1e-09, technology=45nm, n_instances=1)
2026-02-26 09:52:20 INFO        Library estimated 10.396u^2 with accuracy 90%. Messages:
2026-02-26 09:52:20 INFO        | Found 4 entries for aladdin_register.
2026-02-26 09:52:20 INFO        | Checking entry "{'technology': '40nm', 'global_cycle_seconds': '1e-9', 'width|datawidth': '1', 'dynamic energy(pJ)': '0.009', 'area(um^2)': '5.98E+00', 'action': 'read', 'name': 'aladdin_register', 'n_instances': 1}
2026-02-26 09:52:20 INFO        | value=5.98, matching_attrs=2, log=['Scaling global_cycle_seconds from 1e-9 to 1e-09', 'Scaling technology from 40nm to 45nm', 'Scaled aladdin_register.global_cycle_seconds from 1e-09 to 1e-09: 1x area', 'Scaled aladdin_register.technology from 40.0 to 45.0: 1.7384615384615385x area', 'aladdin_register area has been scaled 1.7384615384615385x']
2026-02-26 09:52:20 INFO        | Checking entry "{'technology': '40nm', 'global_cycle_seconds': '1e-9', 'width|datawidth': '1', 'dynamic energy(pJ)': '0', 'area(um^2)': '5.98E+00', 'action': 'write', 'name': 'aladdin_register', 'n_instances': 1}
2026-02-26 09:52:20 INFO        | value=5.98, matching_attrs=2, log=['Scaling global_cycle_seconds from 1e-9 to 1e-09', 'Scaling technology from 40nm to 45nm', 'Scaled aladdin_register.global_cycle_seconds from 1e-09 to 1e-09: 1x area', 'Scaled aladdin_register.technology from 40.0 to 45.0: 1.7384615384615385x area', 'aladdin_register area has been scaled 1.7384615384615385x']
2026-02-26 09:52:20 INFO        | Checking entry "{'technology': '40nm', 'global_cycle_seconds': '1e-9', 'width|datawidth': '1', 'dynamic energy(pJ)': '0', 'area(um^2)': '5.98E+00', 'action': 'leak', 'name': 'aladdin_register', 'n_instances': 1}
2026-02-26 09:52:20 INFO        | value=5.98, matching_attrs=2, log=['Scaling global_cycle_seconds from 1e-9 to 1e-09', 'Scaling technology from 40nm to 45nm', 'Scaled aladdin_register.global_cycle_seconds from 1e-09 to 1e-09: 1x area', 'Scaled aladdin_register.technology from 40.0 to 45.0: 1.7384615384615385x area', 'aladdin_register area has been scaled 1.7384615384615385x']
2026-02-26 09:52:20 INFO        | Checking entry "{'technology': '40nm', 'global_cycle_seconds': '1e-9', 'width|datawidth': '1', 'dynamic energy(pJ)': '0', 'area(um^2)': '5.98E+00', 'action': 'update', 'name': 'aladdin_register', 'n_instances': 1}
2026-02-26 09:52:20 INFO        | value=5.98, matching_attrs=2, log=['Scaling global_cycle_seconds from 1e-9 to 1e-09', 'Scaling technology from 40nm to 45nm', 'Scaled aladdin_register.global_cycle_seconds from 1e-09 to 1e-09: 1x area', 'Scaled aladdin_register.technology from 40.0 to 45.0: 1.7384615384615385x area', 'aladdin_register area has been scaled 1.7384615384615385x']
2026-02-26 09:52:20 INFO        | Best-matching entry: {'technology': '40nm', 'global_cycle_seconds': '1e-9', 'width|datawidth': '1', 'dynamic energy(pJ)': '0.009', 'area(um^2)': '5.98E+00', 'action': 'read', 'name': 'aladdin_register', 'n_instances': 1}
2026-02-26 09:52:20 INFO        | Scaling global_cycle_seconds from 1e-9 to 1e-09
2026-02-26 09:52:20 INFO        | Scaling technology from 40nm to 45nm
2026-02-26 09:52:20 INFO        | Scaled aladdin_register.global_cycle_seconds from 1e-09 to 1e-09: 1x area
2026-02-26 09:52:20 INFO        | Scaled aladdin_register.technology from 40.0 to 45.0: 1.7384615384615385x area
2026-02-26 09:52:20 INFO        | aladdin_register area has been scaled 1.7384615384615385x
2026-02-26 09:52:20 INFO        | Multiplying by n_instances 1
2026-02-26 09:52:20 INFO        
2026-02-26 09:52:20 INFO        AREA ESTIMATION for aladdin_comparator(n_bits=12, global_cycle_seconds=1e-09, action_latency_cycles=1, cycle_seconds=1e-09, technology=45nm, n_instances=1)
2026-02-26 09:52:20 INFO        Library estimated 123.43076923076923u^2 with accuracy 90%. Messages:
2026-02-26 09:52:20 INFO        | Found 5 entries for aladdin_comparator.
2026-02-26 09:52:20 INFO        | Checking entry "{'technology': '40nm', 'global_cycle_seconds': '1e-9', 'width|datawidth': '32', 'energy(pJ)': '0.02947', 'area(um^2)': '71', 'action': 'compare', 'name': 'aladdin_comparator', 'n_instances': 1}
2026-02-26 09:52:20 INFO        | value=71.0, matching_attrs=2, log=['Scaling global_cycle_seconds from 1e-9 to 1e-09', 'Scaling technology from 40nm to 45nm', 'Scaled aladdin_comparator.global_cycle_seconds from 1e-09 to 1e-09: 1x area', 'Scaled aladdin_comparator.technology from 40.0 to 45.0: 1.7384615384615385x area', 'aladdin_comparator area has been scaled 1.7384615384615385x']
2026-02-26 09:52:20 INFO        | Checking entry "{'technology': '40nm', 'global_cycle_seconds': '1e-9', 'width|datawidth': '32', 'energy(pJ)': '0.02947', 'area(um^2)': '71', 'action': 'read', 'name': 'aladdin_comparator', 'n_instances': 1}
2026-02-26 09:52:20 INFO        | value=71.0, matching_attrs=2, log=['Scaling global_cycle_seconds from 1e-9 to 1e-09', 'Scaling technology from 40nm to 45nm', 'Scaled aladdin_comparator.global_cycle_seconds from 1e-09 to 1e-09: 1x area', 'Scaled aladdin_comparator.technology from 40.0 to 45.0: 1.7384615384615385x area', 'aladdin_comparator area has been scaled 1.7384615384615385x']
2026-02-26 09:52:20 INFO        | Checking entry "{'technology': '40nm', 'global_cycle_seconds': '1e-9', 'width|datawidth': '32', 'energy(pJ)': '2.51E-05', 'area(um^2)': '71', 'action': 'leak', 'name': 'aladdin_comparator', 'n_instances': 1}
2026-02-26 09:52:20 INFO        | value=71.0, matching_attrs=2, log=['Scaling global_cycle_seconds from 1e-9 to 1e-09', 'Scaling technology from 40nm to 45nm', 'Scaled aladdin_comparator.global_cycle_seconds from 1e-09 to 1e-09: 1x area', 'Scaled aladdin_comparator.technology from 40.0 to 45.0: 1.7384615384615385x area', 'aladdin_comparator area has been scaled 1.7384615384615385x']
2026-02-26 09:52:20 INFO        | Checking entry "{'technology': '40nm', 'global_cycle_seconds': '1e-9', 'width|datawidth': '32', 'energy(pJ)': '0', 'area(um^2)': '71', 'action': 'update', 'name': 'aladdin_comparator', 'n_instances': 1}
2026-02-26 09:52:20 INFO        | value=71.0, matching_attrs=2, log=['Scaling global_cycle_seconds from 1e-9 to 1e-09', 'Scaling technology from 40nm to 45nm', 'Scaled aladdin_comparator.global_cycle_seconds from 1e-09 to 1e-09: 1x area', 'Scaled aladdin_comparator.technology from 40.0 to 45.0: 1.7384615384615385x area', 'aladdin_comparator area has been scaled 1.7384615384615385x']
2026-02-26 09:52:20 INFO        | Checking entry "{'technology': '40nm', 'global_cycle_seconds': '1e-9', 'width|datawidth': '32', 'energy(pJ)': '0', 'area(um^2)': '71', 'action': 'write', 'name': 'aladdin_comparator', 'n_instances': 1}
2026-02-26 09:52:20 INFO        | value=71.0, matching_attrs=2, log=['Scaling global_cycle_seconds from 1e-9 to 1e-09', 'Scaling technology from 40nm to 45nm', 'Scaled aladdin_comparator.global_cycle_seconds from 1e-09 to 1e-09: 1x area', 'Scaled aladdin_comparator.technology from 40.0 to 45.0: 1.7384615384615385x area', 'aladdin_comparator area has been scaled 1.7384615384615385x']
2026-02-26 09:52:20 INFO        | Best-matching entry: {'technology': '40nm', 'global_cycle_seconds': '1e-9', 'width|datawidth': '32', 'energy(pJ)': '0.02947', 'area(um^2)': '71', 'action': 'compare', 'name': 'aladdin_comparator', 'n_instances': 1}
2026-02-26 09:52:20 INFO        | Scaling global_cycle_seconds from 1e-9 to 1e-09
2026-02-26 09:52:20 INFO        | Scaling technology from 40nm to 45nm
2026-02-26 09:52:20 INFO        | Scaled aladdin_comparator.global_cycle_seconds from 1e-09 to 1e-09: 1x area
2026-02-26 09:52:20 INFO        | Scaled aladdin_comparator.technology from 40.0 to 45.0: 1.7384615384615385x area
2026-02-26 09:52:20 INFO        | aladdin_comparator area has been scaled 1.7384615384615385x
2026-02-26 09:52:20 INFO        | Multiplying by n_instances 1
2026-02-26 09:52:20 INFO        
2026-02-26 09:52:20 INFO        AREA ESTIMATION for intadder(n_bits=12, precision=12, width=12, global_cycle_seconds=1e-09, action_latency_cycles=1, cycle_seconds=1e-09, technology=45nm, n_instances=1)
2026-02-26 09:52:20 INFO        Aladdin_table estimated 104.25u^2 with accuracy 70%. Messages:
2026-02-26 09:52:20 INFO        | Multiplying by n_instances 1
2026-02-26 09:52:20 INFO        
2026-02-26 09:52:20 INFO        AREA ESTIMATION for aladdin_register(global_cycle_seconds=1e-09, action_latency_cycles=1, cycle_seconds=1e-09, technology=45nm, n_instances=1)
2026-02-26 09:52:20 INFO        Library estimated 10.396u^2 with accuracy 90%. Messages:
2026-02-26 09:52:20 INFO        | Found 4 entries for aladdin_register.
2026-02-26 09:52:20 INFO        | Checking entry "{'technology': '40nm', 'global_cycle_seconds': '1e-9', 'width|datawidth': '1', 'dynamic energy(pJ)': '0.009', 'area(um^2)': '5.98E+00', 'action': 'read', 'name': 'aladdin_register', 'n_instances': 1}
2026-02-26 09:52:20 INFO        | value=5.98, matching_attrs=2, log=['Scaling global_cycle_seconds from 1e-9 to 1e-09', 'Scaling technology from 40nm to 45nm', 'Scaled aladdin_register.global_cycle_seconds from 1e-09 to 1e-09: 1x area', 'Scaled aladdin_register.technology from 40.0 to 45.0: 1.7384615384615385x area', 'aladdin_register area has been scaled 1.7384615384615385x']
2026-02-26 09:52:20 INFO        | Checking entry "{'technology': '40nm', 'global_cycle_seconds': '1e-9', 'width|datawidth': '1', 'dynamic energy(pJ)': '0', 'area(um^2)': '5.98E+00', 'action': 'write', 'name': 'aladdin_register', 'n_instances': 1}
2026-02-26 09:52:20 INFO        | value=5.98, matching_attrs=2, log=['Scaling global_cycle_seconds from 1e-9 to 1e-09', 'Scaling technology from 40nm to 45nm', 'Scaled aladdin_register.global_cycle_seconds from 1e-09 to 1e-09: 1x area', 'Scaled aladdin_register.technology from 40.0 to 45.0: 1.7384615384615385x area', 'aladdin_register area has been scaled 1.7384615384615385x']
2026-02-26 09:52:20 INFO        | Checking entry "{'technology': '40nm', 'global_cycle_seconds': '1e-9', 'width|datawidth': '1', 'dynamic energy(pJ)': '0', 'area(um^2)': '5.98E+00', 'action': 'leak', 'name': 'aladdin_register', 'n_instances': 1}
2026-02-26 09:52:20 INFO        | value=5.98, matching_attrs=2, log=['Scaling global_cycle_seconds from 1e-9 to 1e-09', 'Scaling technology from 40nm to 45nm', 'Scaled aladdin_register.global_cycle_seconds from 1e-09 to 1e-09: 1x area', 'Scaled aladdin_register.technology from 40.0 to 45.0: 1.7384615384615385x area', 'aladdin_register area has been scaled 1.7384615384615385x']
2026-02-26 09:52:20 INFO        | Checking entry "{'technology': '40nm', 'global_cycle_seconds': '1e-9', 'width|datawidth': '1', 'dynamic energy(pJ)': '0', 'area(um^2)': '5.98E+00', 'action': 'update', 'name': 'aladdin_register', 'n_instances': 1}
2026-02-26 09:52:20 INFO        | value=5.98, matching_attrs=2, log=['Scaling global_cycle_seconds from 1e-9 to 1e-09', 'Scaling technology from 40nm to 45nm', 'Scaled aladdin_register.global_cycle_seconds from 1e-09 to 1e-09: 1x area', 'Scaled aladdin_register.technology from 40.0 to 45.0: 1.7384615384615385x area', 'aladdin_register area has been scaled 1.7384615384615385x']
2026-02-26 09:52:20 INFO        | Best-matching entry: {'technology': '40nm', 'global_cycle_seconds': '1e-9', 'width|datawidth': '1', 'dynamic energy(pJ)': '0.009', 'area(um^2)': '5.98E+00', 'action': 'read', 'name': 'aladdin_register', 'n_instances': 1}
2026-02-26 09:52:20 INFO        | Scaling global_cycle_seconds from 1e-9 to 1e-09
2026-02-26 09:52:20 INFO        | Scaling technology from 40nm to 45nm
2026-02-26 09:52:20 INFO        | Scaled aladdin_register.global_cycle_seconds from 1e-09 to 1e-09: 1x area
2026-02-26 09:52:20 INFO        | Scaled aladdin_register.technology from 40.0 to 45.0: 1.7384615384615385x area
2026-02-26 09:52:20 INFO        | aladdin_register area has been scaled 1.7384615384615385x
2026-02-26 09:52:20 INFO        | Multiplying by n_instances 1
2026-02-26 09:52:20 INFO        
2026-02-26 09:52:20 INFO        AREA ESTIMATION for aladdin_comparator(n_bits=7, global_cycle_seconds=1e-09, action_latency_cycles=1, cycle_seconds=1e-09, technology=45nm, n_instances=1)
2026-02-26 09:52:20 INFO        Library estimated 123.43076923076923u^2 with accuracy 90%. Messages:
2026-02-26 09:52:20 INFO        | Found 5 entries for aladdin_comparator.
2026-02-26 09:52:20 INFO        | Checking entry "{'technology': '40nm', 'global_cycle_seconds': '1e-9', 'width|datawidth': '32', 'energy(pJ)': '0.02947', 'area(um^2)': '71', 'action': 'compare', 'name': 'aladdin_comparator', 'n_instances': 1}
2026-02-26 09:52:20 INFO        | value=71.0, matching_attrs=2, log=['Scaling global_cycle_seconds from 1e-9 to 1e-09', 'Scaling technology from 40nm to 45nm', 'Scaled aladdin_comparator.global_cycle_seconds from 1e-09 to 1e-09: 1x area', 'Scaled aladdin_comparator.technology from 40.0 to 45.0: 1.7384615384615385x area', 'aladdin_comparator area has been scaled 1.7384615384615385x']
2026-02-26 09:52:20 INFO        | Checking entry "{'technology': '40nm', 'global_cycle_seconds': '1e-9', 'width|datawidth': '32', 'energy(pJ)': '0.02947', 'area(um^2)': '71', 'action': 'read', 'name': 'aladdin_comparator', 'n_instances': 1}
2026-02-26 09:52:20 INFO        | value=71.0, matching_attrs=2, log=['Scaling global_cycle_seconds from 1e-9 to 1e-09', 'Scaling technology from 40nm to 45nm', 'Scaled aladdin_comparator.global_cycle_seconds from 1e-09 to 1e-09: 1x area', 'Scaled aladdin_comparator.technology from 40.0 to 45.0: 1.7384615384615385x area', 'aladdin_comparator area has been scaled 1.7384615384615385x']
2026-02-26 09:52:20 INFO        | Checking entry "{'technology': '40nm', 'global_cycle_seconds': '1e-9', 'width|datawidth': '32', 'energy(pJ)': '2.51E-05', 'area(um^2)': '71', 'action': 'leak', 'name': 'aladdin_comparator', 'n_instances': 1}
2026-02-26 09:52:20 INFO        | value=71.0, matching_attrs=2, log=['Scaling global_cycle_seconds from 1e-9 to 1e-09', 'Scaling technology from 40nm to 45nm', 'Scaled aladdin_comparator.global_cycle_seconds from 1e-09 to 1e-09: 1x area', 'Scaled aladdin_comparator.technology from 40.0 to 45.0: 1.7384615384615385x area', 'aladdin_comparator area has been scaled 1.7384615384615385x']
2026-02-26 09:52:20 INFO        | Checking entry "{'technology': '40nm', 'global_cycle_seconds': '1e-9', 'width|datawidth': '32', 'energy(pJ)': '0', 'area(um^2)': '71', 'action': 'update', 'name': 'aladdin_comparator', 'n_instances': 1}
2026-02-26 09:52:20 INFO        | value=71.0, matching_attrs=2, log=['Scaling global_cycle_seconds from 1e-9 to 1e-09', 'Scaling technology from 40nm to 45nm', 'Scaled aladdin_comparator.global_cycle_seconds from 1e-09 to 1e-09: 1x area', 'Scaled aladdin_comparator.technology from 40.0 to 45.0: 1.7384615384615385x area', 'aladdin_comparator area has been scaled 1.7384615384615385x']
2026-02-26 09:52:20 INFO        | Checking entry "{'technology': '40nm', 'global_cycle_seconds': '1e-9', 'width|datawidth': '32', 'energy(pJ)': '0', 'area(um^2)': '71', 'action': 'write', 'name': 'aladdin_comparator', 'n_instances': 1}
2026-02-26 09:52:20 INFO        | value=71.0, matching_attrs=2, log=['Scaling global_cycle_seconds from 1e-9 to 1e-09', 'Scaling technology from 40nm to 45nm', 'Scaled aladdin_comparator.global_cycle_seconds from 1e-09 to 1e-09: 1x area', 'Scaled aladdin_comparator.technology from 40.0 to 45.0: 1.7384615384615385x area', 'aladdin_comparator area has been scaled 1.7384615384615385x']
2026-02-26 09:52:20 INFO        | Best-matching entry: {'technology': '40nm', 'global_cycle_seconds': '1e-9', 'width|datawidth': '32', 'energy(pJ)': '0.02947', 'area(um^2)': '71', 'action': 'compare', 'name': 'aladdin_comparator', 'n_instances': 1}
2026-02-26 09:52:20 INFO        | Scaling global_cycle_seconds from 1e-9 to 1e-09
2026-02-26 09:52:20 INFO        | Scaling technology from 40nm to 45nm
2026-02-26 09:52:20 INFO        | Scaled aladdin_comparator.global_cycle_seconds from 1e-09 to 1e-09: 1x area
2026-02-26 09:52:20 INFO        | Scaled aladdin_comparator.technology from 40.0 to 45.0: 1.7384615384615385x area
2026-02-26 09:52:20 INFO        | aladdin_comparator area has been scaled 1.7384615384615385x
2026-02-26 09:52:20 INFO        | Multiplying by n_instances 1
2026-02-26 09:52:20 INFO        
2026-02-26 09:52:20 INFO        AREA ESTIMATION for intadder(n_bits=7, precision=7, width=7, global_cycle_seconds=1e-09, action_latency_cycles=1, cycle_seconds=1e-09, technology=45nm, n_instances=1)
2026-02-26 09:52:20 INFO        Aladdin_table estimated 60.8125u^2 with accuracy 70%. Messages:
2026-02-26 09:52:20 INFO        | Multiplying by n_instances 1
2026-02-26 09:52:20 INFO        
2026-02-26 09:52:20 INFO        AREA ESTIMATION for aladdin_register(global_cycle_seconds=1e-09, action_latency_cycles=1, cycle_seconds=1e-09, technology=45nm, n_instances=1)
2026-02-26 09:52:20 INFO        Library estimated 10.396u^2 with accuracy 90%. Messages:
2026-02-26 09:52:20 INFO        | Found 4 entries for aladdin_register.
2026-02-26 09:52:20 INFO        | Checking entry "{'technology': '40nm', 'global_cycle_seconds': '1e-9', 'width|datawidth': '1', 'dynamic energy(pJ)': '0.009', 'area(um^2)': '5.98E+00', 'action': 'read', 'name': 'aladdin_register', 'n_instances': 1}
2026-02-26 09:52:20 INFO        | value=5.98, matching_attrs=2, log=['Scaling global_cycle_seconds from 1e-9 to 1e-09', 'Scaling technology from 40nm to 45nm', 'Scaled aladdin_register.global_cycle_seconds from 1e-09 to 1e-09: 1x area', 'Scaled aladdin_register.technology from 40.0 to 45.0: 1.7384615384615385x area', 'aladdin_register area has been scaled 1.7384615384615385x']
2026-02-26 09:52:20 INFO        | Checking entry "{'technology': '40nm', 'global_cycle_seconds': '1e-9', 'width|datawidth': '1', 'dynamic energy(pJ)': '0', 'area(um^2)': '5.98E+00', 'action': 'write', 'name': 'aladdin_register', 'n_instances': 1}
2026-02-26 09:52:20 INFO        | value=5.98, matching_attrs=2, log=['Scaling global_cycle_seconds from 1e-9 to 1e-09', 'Scaling technology from 40nm to 45nm', 'Scaled aladdin_register.global_cycle_seconds from 1e-09 to 1e-09: 1x area', 'Scaled aladdin_register.technology from 40.0 to 45.0: 1.7384615384615385x area', 'aladdin_register area has been scaled 1.7384615384615385x']
2026-02-26 09:52:20 INFO        | Checking entry "{'technology': '40nm', 'global_cycle_seconds': '1e-9', 'width|datawidth': '1', 'dynamic energy(pJ)': '0', 'area(um^2)': '5.98E+00', 'action': 'leak', 'name': 'aladdin_register', 'n_instances': 1}
2026-02-26 09:52:20 INFO        | value=5.98, matching_attrs=2, log=['Scaling global_cycle_seconds from 1e-9 to 1e-09', 'Scaling technology from 40nm to 45nm', 'Scaled aladdin_register.global_cycle_seconds from 1e-09 to 1e-09: 1x area', 'Scaled aladdin_register.technology from 40.0 to 45.0: 1.7384615384615385x area', 'aladdin_register area has been scaled 1.7384615384615385x']
2026-02-26 09:52:20 INFO        | Checking entry "{'technology': '40nm', 'global_cycle_seconds': '1e-9', 'width|datawidth': '1', 'dynamic energy(pJ)': '0', 'area(um^2)': '5.98E+00', 'action': 'update', 'name': 'aladdin_register', 'n_instances': 1}
2026-02-26 09:52:20 INFO        | value=5.98, matching_attrs=2, log=['Scaling global_cycle_seconds from 1e-9 to 1e-09', 'Scaling technology from 40nm to 45nm', 'Scaled aladdin_register.global_cycle_seconds from 1e-09 to 1e-09: 1x area', 'Scaled aladdin_register.technology from 40.0 to 45.0: 1.7384615384615385x area', 'aladdin_register area has been scaled 1.7384615384615385x']
2026-02-26 09:52:20 INFO        | Best-matching entry: {'technology': '40nm', 'global_cycle_seconds': '1e-9', 'width|datawidth': '1', 'dynamic energy(pJ)': '0.009', 'area(um^2)': '5.98E+00', 'action': 'read', 'name': 'aladdin_register', 'n_instances': 1}
2026-02-26 09:52:20 INFO        | Scaling global_cycle_seconds from 1e-9 to 1e-09
2026-02-26 09:52:20 INFO        | Scaling technology from 40nm to 45nm
2026-02-26 09:52:20 INFO        | Scaled aladdin_register.global_cycle_seconds from 1e-09 to 1e-09: 1x area
2026-02-26 09:52:20 INFO        | Scaled aladdin_register.technology from 40.0 to 45.0: 1.7384615384615385x area
2026-02-26 09:52:20 INFO        | aladdin_register area has been scaled 1.7384615384615385x
2026-02-26 09:52:20 INFO        | Multiplying by n_instances 1
2026-02-26 09:52:20 INFO        
2026-02-26 09:52:20 INFO        AREA ESTIMATION for aladdin_comparator(n_bits=6, global_cycle_seconds=1e-09, action_latency_cycles=1, cycle_seconds=1e-09, technology=45nm, n_instances=1)
2026-02-26 09:52:20 INFO        Library estimated 123.43076923076923u^2 with accuracy 90%. Messages:
2026-02-26 09:52:20 INFO        | Found 5 entries for aladdin_comparator.
2026-02-26 09:52:20 INFO        | Checking entry "{'technology': '40nm', 'global_cycle_seconds': '1e-9', 'width|datawidth': '32', 'energy(pJ)': '0.02947', 'area(um^2)': '71', 'action': 'compare', 'name': 'aladdin_comparator', 'n_instances': 1}
2026-02-26 09:52:20 INFO        | value=71.0, matching_attrs=2, log=['Scaling global_cycle_seconds from 1e-9 to 1e-09', 'Scaling technology from 40nm to 45nm', 'Scaled aladdin_comparator.global_cycle_seconds from 1e-09 to 1e-09: 1x area', 'Scaled aladdin_comparator.technology from 40.0 to 45.0: 1.7384615384615385x area', 'aladdin_comparator area has been scaled 1.7384615384615385x']
2026-02-26 09:52:20 INFO        | Checking entry "{'technology': '40nm', 'global_cycle_seconds': '1e-9', 'width|datawidth': '32', 'energy(pJ)': '0.02947', 'area(um^2)': '71', 'action': 'read', 'name': 'aladdin_comparator', 'n_instances': 1}
2026-02-26 09:52:20 INFO        | value=71.0, matching_attrs=2, log=['Scaling global_cycle_seconds from 1e-9 to 1e-09', 'Scaling technology from 40nm to 45nm', 'Scaled aladdin_comparator.global_cycle_seconds from 1e-09 to 1e-09: 1x area', 'Scaled aladdin_comparator.technology from 40.0 to 45.0: 1.7384615384615385x area', 'aladdin_comparator area has been scaled 1.7384615384615385x']
2026-02-26 09:52:20 INFO        | Checking entry "{'technology': '40nm', 'global_cycle_seconds': '1e-9', 'width|datawidth': '32', 'energy(pJ)': '2.51E-05', 'area(um^2)': '71', 'action': 'leak', 'name': 'aladdin_comparator', 'n_instances': 1}
2026-02-26 09:52:20 INFO        | value=71.0, matching_attrs=2, log=['Scaling global_cycle_seconds from 1e-9 to 1e-09', 'Scaling technology from 40nm to 45nm', 'Scaled aladdin_comparator.global_cycle_seconds from 1e-09 to 1e-09: 1x area', 'Scaled aladdin_comparator.technology from 40.0 to 45.0: 1.7384615384615385x area', 'aladdin_comparator area has been scaled 1.7384615384615385x']
2026-02-26 09:52:20 INFO        | Checking entry "{'technology': '40nm', 'global_cycle_seconds': '1e-9', 'width|datawidth': '32', 'energy(pJ)': '0', 'area(um^2)': '71', 'action': 'update', 'name': 'aladdin_comparator', 'n_instances': 1}
2026-02-26 09:52:20 INFO        | value=71.0, matching_attrs=2, log=['Scaling global_cycle_seconds from 1e-9 to 1e-09', 'Scaling technology from 40nm to 45nm', 'Scaled aladdin_comparator.global_cycle_seconds from 1e-09 to 1e-09: 1x area', 'Scaled aladdin_comparator.technology from 40.0 to 45.0: 1.7384615384615385x area', 'aladdin_comparator area has been scaled 1.7384615384615385x']
2026-02-26 09:52:20 INFO        | Checking entry "{'technology': '40nm', 'global_cycle_seconds': '1e-9', 'width|datawidth': '32', 'energy(pJ)': '0', 'area(um^2)': '71', 'action': 'write', 'name': 'aladdin_comparator', 'n_instances': 1}
2026-02-26 09:52:20 INFO        | value=71.0, matching_attrs=2, log=['Scaling global_cycle_seconds from 1e-9 to 1e-09', 'Scaling technology from 40nm to 45nm', 'Scaled aladdin_comparator.global_cycle_seconds from 1e-09 to 1e-09: 1x area', 'Scaled aladdin_comparator.technology from 40.0 to 45.0: 1.7384615384615385x area', 'aladdin_comparator area has been scaled 1.7384615384615385x']
2026-02-26 09:52:20 INFO        | Best-matching entry: {'technology': '40nm', 'global_cycle_seconds': '1e-9', 'width|datawidth': '32', 'energy(pJ)': '0.02947', 'area(um^2)': '71', 'action': 'compare', 'name': 'aladdin_comparator', 'n_instances': 1}
2026-02-26 09:52:20 INFO        | Scaling global_cycle_seconds from 1e-9 to 1e-09
2026-02-26 09:52:20 INFO        | Scaling technology from 40nm to 45nm
2026-02-26 09:52:20 INFO        | Scaled aladdin_comparator.global_cycle_seconds from 1e-09 to 1e-09: 1x area
2026-02-26 09:52:20 INFO        | Scaled aladdin_comparator.technology from 40.0 to 45.0: 1.7384615384615385x area
2026-02-26 09:52:20 INFO        | aladdin_comparator area has been scaled 1.7384615384615385x
2026-02-26 09:52:20 INFO        | Multiplying by n_instances 1
2026-02-26 09:52:20 INFO        
2026-02-26 09:52:20 INFO        AREA ESTIMATION for intadder(n_bits=1, precision=1, width=1, global_cycle_seconds=1e-09, action_latency_cycles=1, cycle_seconds=1e-09, technology=45nm, n_instances=1)
2026-02-26 09:52:20 INFO        Aladdin_table estimated 8.6875u^2 with accuracy 70%. Messages:
2026-02-26 09:52:20 INFO        | Multiplying by n_instances 1
2026-02-26 09:52:20 INFO        
2026-02-26 09:52:20 INFO        AREA ESTIMATION for aladdin_adder(width=16, global_cycle_seconds=1e-09, action_latency_cycles=1, cycle_seconds=1e-09, technology=45nm, n_instances=1)
2026-02-26 09:52:20 INFO        Library estimated 241.64615384615385u^2 with accuracy 90%. Messages:
2026-02-26 09:52:20 INFO        | Found 5 entries for aladdin_adder.
2026-02-26 09:52:20 INFO        | Checking entry "{'technology': '40nm', 'global_cycle_seconds': '1e-9', 'width|datawidth': '32', 'energy': '0.21', 'area': '2.78E+02', 'action': 'add', 'name': 'aladdin_adder', 'n_instances': 1}
2026-02-26 09:52:20 INFO        | value=278.0, matching_attrs=2, log=['Scaling width from 32 to 16', 'Scaling global_cycle_seconds from 1e-9 to 1e-09', 'Scaling technology from 40nm to 45nm', 'Scaled aladdin_adder.width from 32.0 to 16.0: 0.5x area', 'Scaled aladdin_adder.global_cycle_seconds from 1e-09 to 1e-09: 1x area', 'Scaled aladdin_adder.technology from 40.0 to 45.0: 1.7384615384615385x area', 'aladdin_adder area has been scaled 0.8692307692307693x']
2026-02-26 09:52:20 INFO        | Checking entry "{'technology': '40nm', 'global_cycle_seconds': '1e-9', 'width|datawidth': '32', 'energy': '0.21', 'area': '2.78E+02', 'action': 'read', 'name': 'aladdin_adder', 'n_instances': 1}
2026-02-26 09:52:20 INFO        | value=278.0, matching_attrs=2, log=['Scaling width from 32 to 16', 'Scaling global_cycle_seconds from 1e-9 to 1e-09', 'Scaling technology from 40nm to 45nm', 'Scaled aladdin_adder.width from 32.0 to 16.0: 0.5x area', 'Scaled aladdin_adder.global_cycle_seconds from 1e-09 to 1e-09: 1x area', 'Scaled aladdin_adder.technology from 40.0 to 45.0: 1.7384615384615385x area', 'aladdin_adder area has been scaled 0.8692307692307693x']
2026-02-26 09:52:20 INFO        | Checking entry "{'technology': '40nm', 'global_cycle_seconds': '1e-9', 'width|datawidth': '32', 'energy': '0.0024', 'area': '2.78E+02', 'action': 'leak', 'name': 'aladdin_adder', 'n_instances': 1}
2026-02-26 09:52:20 INFO        | value=278.0, matching_attrs=2, log=['Scaling width from 32 to 16', 'Scaling global_cycle_seconds from 1e-9 to 1e-09', 'Scaling technology from 40nm to 45nm', 'Scaled aladdin_adder.width from 32.0 to 16.0: 0.5x area', 'Scaled aladdin_adder.global_cycle_seconds from 1e-09 to 1e-09: 1x area', 'Scaled aladdin_adder.technology from 40.0 to 45.0: 1.7384615384615385x area', 'aladdin_adder area has been scaled 0.8692307692307693x']
2026-02-26 09:52:20 INFO        | Checking entry "{'technology': '40nm', 'global_cycle_seconds': '1e-9', 'width|datawidth': '32', 'energy': '0', 'area': '2.78E+02', 'action': 'update', 'name': 'aladdin_adder', 'n_instances': 1}
2026-02-26 09:52:20 INFO        | value=278.0, matching_attrs=2, log=['Scaling width from 32 to 16', 'Scaling global_cycle_seconds from 1e-9 to 1e-09', 'Scaling technology from 40nm to 45nm', 'Scaled aladdin_adder.width from 32.0 to 16.0: 0.5x area', 'Scaled aladdin_adder.global_cycle_seconds from 1e-09 to 1e-09: 1x area', 'Scaled aladdin_adder.technology from 40.0 to 45.0: 1.7384615384615385x area', 'aladdin_adder area has been scaled 0.8692307692307693x']
2026-02-26 09:52:20 INFO        | Checking entry "{'technology': '40nm', 'global_cycle_seconds': '1e-9', 'width|datawidth': '32', 'energy': '0', 'area': '2.78E+02', 'action': 'write', 'name': 'aladdin_adder', 'n_instances': 1}
2026-02-26 09:52:20 INFO        | value=278.0, matching_attrs=2, log=['Scaling width from 32 to 16', 'Scaling global_cycle_seconds from 1e-9 to 1e-09', 'Scaling technology from 40nm to 45nm', 'Scaled aladdin_adder.width from 32.0 to 16.0: 0.5x area', 'Scaled aladdin_adder.global_cycle_seconds from 1e-09 to 1e-09: 1x area', 'Scaled aladdin_adder.technology from 40.0 to 45.0: 1.7384615384615385x area', 'aladdin_adder area has been scaled 0.8692307692307693x']
2026-02-26 09:52:20 INFO        | Best-matching entry: {'technology': '40nm', 'global_cycle_seconds': '1e-9', 'width|datawidth': '32', 'energy': '0.21', 'area': '2.78E+02', 'action': 'add', 'name': 'aladdin_adder', 'n_instances': 1}
2026-02-26 09:52:20 INFO        | Scaling width from 32 to 16
2026-02-26 09:52:20 INFO        | Scaling global_cycle_seconds from 1e-9 to 1e-09
2026-02-26 09:52:20 INFO        | Scaling technology from 40nm to 45nm
2026-02-26 09:52:20 INFO        | Scaled aladdin_adder.width from 32.0 to 16.0: 0.5x area
2026-02-26 09:52:20 INFO        | Scaled aladdin_adder.global_cycle_seconds from 1e-09 to 1e-09: 1x area
2026-02-26 09:52:20 INFO        | Scaled aladdin_adder.technology from 40.0 to 45.0: 1.7384615384615385x area
2026-02-26 09:52:20 INFO        | aladdin_adder area has been scaled 0.8692307692307693x
2026-02-26 09:52:20 INFO        | Multiplying by n_instances 1
2026-02-26 09:52:20 INFO        
2026-02-26 09:52:20 INFO        AREA ESTIMATION for aladdin_multiplier(width_a=8, width_b=8, global_cycle_seconds=1e-09, action_latency_cycles=1, cycle_seconds=1e-09, technology=45nm, n_instances=1)
2026-02-26 09:52:20 INFO        Library estimated 689.9519230769231u^2 with accuracy 90%. Messages:
2026-02-26 09:52:20 INFO        | Found 5 entries for aladdin_multiplier.
2026-02-26 09:52:20 INFO        | Checking entry "{'technology': '40nm', 'global_cycle_seconds': '1e-9', 'width|datawidth': '32', 'width_a|datawidth_a': '32', 'width_b|datawidth_b': '32', 'energy(pJ)': '12.68', 'area(um^2)': '6350', 'action': 'multiply', 'name': 'aladdin_multiplier', 'n_instances': 1}
2026-02-26 09:52:20 INFO        | value=6350.0, matching_attrs=2, log=['Scaling width_a from 32 to 8', 'Scaling width_b from 32 to 8', 'Scaling global_cycle_seconds from 1e-9 to 1e-09', 'Scaling technology from 40nm to 45nm', 'Scaled aladdin_multiplier.width_a from 32.0 to 8.0: 0.25x area', 'Scaled aladdin_multiplier.width_b from 32.0 to 8.0: 0.25x area', 'Scaled aladdin_multiplier.global_cycle_seconds from 1e-09 to 1e-09: 1x area', 'Scaled aladdin_multiplier.technology from 40.0 to 45.0: 1.7384615384615385x area', 'aladdin_multiplier area has been scaled 0.10865384615384616x']
2026-02-26 09:52:20 INFO        | Checking entry "{'technology': '40nm', 'global_cycle_seconds': '1e-9', 'width|datawidth': '32', 'width_a|datawidth_a': '32', 'width_b|datawidth_b': '32', 'energy(pJ)': '12.68', 'area(um^2)': '6350', 'action': 'read', 'name': 'aladdin_multiplier', 'n_instances': 1}
2026-02-26 09:52:20 INFO        | value=6350.0, matching_attrs=2, log=['Scaling width_a from 32 to 8', 'Scaling width_b from 32 to 8', 'Scaling global_cycle_seconds from 1e-9 to 1e-09', 'Scaling technology from 40nm to 45nm', 'Scaled aladdin_multiplier.width_a from 32.0 to 8.0: 0.25x area', 'Scaled aladdin_multiplier.width_b from 32.0 to 8.0: 0.25x area', 'Scaled aladdin_multiplier.global_cycle_seconds from 1e-09 to 1e-09: 1x area', 'Scaled aladdin_multiplier.technology from 40.0 to 45.0: 1.7384615384615385x area', 'aladdin_multiplier area has been scaled 0.10865384615384616x']
2026-02-26 09:52:20 INFO        | Checking entry "{'technology': '40nm', 'global_cycle_seconds': '1e-9', 'width|datawidth': '32', 'width_a|datawidth_a': '32', 'width_b|datawidth_b': '32', 'energy(pJ)': '0.08', 'area(um^2)': '6350', 'action': 'leak', 'name': 'aladdin_multiplier', 'n_instances': 1}
2026-02-26 09:52:20 INFO        | value=6350.0, matching_attrs=2, log=['Scaling width_a from 32 to 8', 'Scaling width_b from 32 to 8', 'Scaling global_cycle_seconds from 1e-9 to 1e-09', 'Scaling technology from 40nm to 45nm', 'Scaled aladdin_multiplier.width_a from 32.0 to 8.0: 0.25x area', 'Scaled aladdin_multiplier.width_b from 32.0 to 8.0: 0.25x area', 'Scaled aladdin_multiplier.global_cycle_seconds from 1e-09 to 1e-09: 1x area', 'Scaled aladdin_multiplier.technology from 40.0 to 45.0: 1.7384615384615385x area', 'aladdin_multiplier area has been scaled 0.10865384615384616x']
2026-02-26 09:52:20 INFO        | Checking entry "{'technology': '40nm', 'global_cycle_seconds': '1e-9', 'width|datawidth': '32', 'width_a|datawidth_a': '32', 'width_b|datawidth_b': '32', 'energy(pJ)': '0', 'area(um^2)': '6350', 'action': 'update', 'name': 'aladdin_multiplier', 'n_instances': 1}
2026-02-26 09:52:20 INFO        | value=6350.0, matching_attrs=2, log=['Scaling width_a from 32 to 8', 'Scaling width_b from 32 to 8', 'Scaling global_cycle_seconds from 1e-9 to 1e-09', 'Scaling technology from 40nm to 45nm', 'Scaled aladdin_multiplier.width_a from 32.0 to 8.0: 0.25x area', 'Scaled aladdin_multiplier.width_b from 32.0 to 8.0: 0.25x area', 'Scaled aladdin_multiplier.global_cycle_seconds from 1e-09 to 1e-09: 1x area', 'Scaled aladdin_multiplier.technology from 40.0 to 45.0: 1.7384615384615385x area', 'aladdin_multiplier area has been scaled 0.10865384615384616x']
2026-02-26 09:52:20 INFO        | Checking entry "{'technology': '40nm', 'global_cycle_seconds': '1e-9', 'width|datawidth': '32', 'width_a|datawidth_a': '32', 'width_b|datawidth_b': '32', 'energy(pJ)': '0', 'area(um^2)': '6350', 'action': 'write', 'name': 'aladdin_multiplier', 'n_instances': 1}
2026-02-26 09:52:20 INFO        | value=6350.0, matching_attrs=2, log=['Scaling width_a from 32 to 8', 'Scaling width_b from 32 to 8', 'Scaling global_cycle_seconds from 1e-9 to 1e-09', 'Scaling technology from 40nm to 45nm', 'Scaled aladdin_multiplier.width_a from 32.0 to 8.0: 0.25x area', 'Scaled aladdin_multiplier.width_b from 32.0 to 8.0: 0.25x area', 'Scaled aladdin_multiplier.global_cycle_seconds from 1e-09 to 1e-09: 1x area', 'Scaled aladdin_multiplier.technology from 40.0 to 45.0: 1.7384615384615385x area', 'aladdin_multiplier area has been scaled 0.10865384615384616x']
2026-02-26 09:52:20 INFO        | Best-matching entry: {'technology': '40nm', 'global_cycle_seconds': '1e-9', 'width|datawidth': '32', 'width_a|datawidth_a': '32', 'width_b|datawidth_b': '32', 'energy(pJ)': '12.68', 'area(um^2)': '6350', 'action': 'multiply', 'name': 'aladdin_multiplier', 'n_instances': 1}
2026-02-26 09:52:20 INFO        | Scaling width_a from 32 to 8
2026-02-26 09:52:20 INFO        | Scaling width_b from 32 to 8
2026-02-26 09:52:20 INFO        | Scaling global_cycle_seconds from 1e-9 to 1e-09
2026-02-26 09:52:20 INFO        | Scaling technology from 40nm to 45nm
2026-02-26 09:52:20 INFO        | Scaled aladdin_multiplier.width_a from 32.0 to 8.0: 0.25x area
2026-02-26 09:52:20 INFO        | Scaled aladdin_multiplier.width_b from 32.0 to 8.0: 0.25x area
2026-02-26 09:52:20 INFO        | Scaled aladdin_multiplier.global_cycle_seconds from 1e-09 to 1e-09: 1x area
2026-02-26 09:52:20 INFO        | Scaled aladdin_multiplier.technology from 40.0 to 45.0: 1.7384615384615385x area
2026-02-26 09:52:20 INFO        | aladdin_multiplier area has been scaled 0.10865384615384616x
2026-02-26 09:52:20 INFO        | Multiplying by n_instances 1
2026-02-26 09:52:20 INFO        flattened architecture is saved to:
2026-02-26 09:52:20 INFO        ./timeloop-mapper.flattened_architecture.yaml
2026-02-26 09:52:20 INFO        energy reference table is saved to:
2026-02-26 09:52:20 INFO        ./timeloop-mapper.ERT.yaml
2026-02-26 09:52:20 INFO        energy reference table summary is saved to:
2026-02-26 09:52:20 INFO        ./timeloop-mapper.ERT_summary.yaml
2026-02-26 09:52:20 WARNING     no runtime energy estimations are generated... not generating energy_estimation.yaml
2026-02-26 09:52:20 INFO        area reference table is saved to:
2026-02-26 09:52:20 INFO        ./timeloop-mapper.ART.yaml
2026-02-26 09:52:20 INFO        area reference table summary is saved to:
2026-02-26 09:52:20 INFO        ./timeloop-mapper.ART_summary.yaml
